Drug Name,State,Value
amitriptyline,West Virginia,100
amitriptyline,Kentucky,98
amitriptyline,Mississippi,96
amitriptyline,Alabama,91
amitriptyline,Arkansas,90
amitriptyline,South Dakota,88
amitriptyline,Tennessee,82
amitriptyline,Louisiana,80
amitriptyline,Idaho,78
amitriptyline,Indiana,77
amitriptyline,Oklahoma,74
amitriptyline,Maine,74
amitriptyline,Wyoming,73
amitriptyline,Nebraska,72
amitriptyline,Kansas,72
amitriptyline,Ohio,72
amitriptyline,Vermont,72
amitriptyline,Montana,71
amitriptyline,Rhode Island,69
amitriptyline,Iowa,69
amitriptyline,Michigan,67
amitriptyline,Missouri,67
amitriptyline,South Carolina,67
amitriptyline,Utah,63
amitriptyline,New Hampshire,63
amitriptyline,New Mexico,62
amitriptyline,Alaska,61
amitriptyline,Texas,60
amitriptyline,Pennsylvania,59
amitriptyline,Georgia,59
amitriptyline,North Carolina,58
amitriptyline,Virginia,56
amitriptyline,Illinois,56
amitriptyline,Florida,55
amitriptyline,Massachusetts,55
amitriptyline,Wisconsin,54
amitriptyline,Delaware,53
amitriptyline,North Dakota,52
amitriptyline,Arizona,51
amitriptyline,Minnesota,50
amitriptyline,Connecticut,47
amitriptyline,Colorado,47
amitriptyline,Oregon,47
amitriptyline,Nevada,46
amitriptyline,New York,43
amitriptyline,Maryland,43
amitriptyline,Washington,41
amitriptyline,New Jersey,36
amitriptyline,California,34
amitriptyline,District of Columbia,34
amitriptyline,Hawaii,31
amphetamine-dextroamphetamine,Kansas,100
amphetamine-dextroamphetamine,Arkansas,100
amphetamine-dextroamphetamine,Nebraska,50
amphetamine-dextroamphetamine,Maine,50
amphetamine-dextroamphetamine,Utah,50
amphetamine-dextroamphetamine,Idaho,50
amphetamine-dextroamphetamine,Michigan,50
amphetamine-dextroamphetamine,New Hampshire,50
amphetamine-dextroamphetamine,Kentucky,50
amphetamine-dextroamphetamine,Alabama,50
amphetamine-dextroamphetamine,Tennessee,50
amphetamine-dextroamphetamine,Louisiana,50
amphetamine-dextroamphetamine,Minnesota,50
amphetamine-dextroamphetamine,Oklahoma,50
amphetamine-dextroamphetamine,Indiana,50
amphetamine-dextroamphetamine,Texas,50
amphetamine-dextroamphetamine,South Carolina,50
amphetamine-dextroamphetamine,Massachusetts,50
amphetamine-dextroamphetamine,Washington,50
amphetamine-dextroamphetamine,Pennsylvania,50
amphetamine-dextroamphetamine,Wisconsin,50
amphetamine-dextroamphetamine,Ohio,50
amphetamine-dextroamphetamine,Illinois,50
amphetamine-dextroamphetamine,Georgia,50
amphetamine-dextroamphetamine,Colorado,50
amphetamine-dextroamphetamine,Iowa,50
apixaban,Massachusetts,100
apixaban,Montana,100
apixaban,New Mexico,85
apixaban,Maine,85
apixaban,West Virginia,85
apixaban,South Dakota,85
apixaban,Pennsylvania,85
apixaban,Ohio,85
apixaban,Washington,85
apixaban,Tennessee,85
apixaban,Wisconsin,85
apixaban,Rhode Island,85
apixaban,Minnesota,71
apixaban,Arizona,71
apixaban,Florida,71
apixaban,Arkansas,71
apixaban,Kentucky,71
apixaban,Missouri,71
apixaban,Mississippi,71
apixaban,Alabama,71
apixaban,New York,71
apixaban,North Dakota,71
apixaban,Maryland,71
apixaban,Oregon,71
apixaban,Michigan,71
apixaban,Iowa,71
apixaban,Kansas,71
apixaban,Connecticut,71
apixaban,New Jersey,71
apixaban,Wyoming,71
apixaban,Louisiana,71
apixaban,Indiana,71
apixaban,Idaho,57
apixaban,Utah,57
apixaban,Texas,57
apixaban,Illinois,57
apixaban,South Carolina,57
apixaban,California,57
apixaban,Delaware,57
apixaban,District of Columbia,57
apixaban,Colorado,57
apixaban,Oklahoma,57
apixaban,Virginia,57
apixaban,Alaska,57
apixaban,North Carolina,57
apixaban,Nebraska,57
apixaban,Georgia,57
apixaban,Hawaii,42
apixaban,Nevada,42
apixaban,New Hampshire,42
atomoxetine,Arkansas,100
atomoxetine,West Virginia,96
atomoxetine,Oklahoma,87
atomoxetine,Vermont,81
atomoxetine,Kentucky,81
atomoxetine,Maine,78
atomoxetine,Nebraska,78
atomoxetine,Idaho,75
atomoxetine,Utah,75
atomoxetine,Kansas,75
atomoxetine,Indiana,75
atomoxetine,Tennessee,72
atomoxetine,Wyoming,72
atomoxetine,Missouri,72
atomoxetine,Montana,69
atomoxetine,Iowa,69
atomoxetine,Alabama,66
atomoxetine,South Dakota,66
atomoxetine,Rhode Island,66
atomoxetine,Alaska,66
atomoxetine,North Dakota,63
atomoxetine,Louisiana,63
atomoxetine,Arizona,63
atomoxetine,New Mexico,63
atomoxetine,New Hampshire,60
atomoxetine,Texas,60
atomoxetine,Washington,57
atomoxetine,Wisconsin,57
atomoxetine,Michigan,57
atomoxetine,Mississippi,57
atomoxetine,Colorado,57
atomoxetine,Oregon,57
atomoxetine,Maryland,57
atomoxetine,Minnesota,54
atomoxetine,Florida,54
atomoxetine,Ohio,54
atomoxetine,South Carolina,54
atomoxetine,Delaware,54
atomoxetine,North Carolina,51
atomoxetine,Virginia,51
atomoxetine,Massachusetts,51
atomoxetine,District of Columbia,48
atomoxetine,Nevada,48
atomoxetine,Pennsylvania,48
atomoxetine,Connecticut,48
atomoxetine,Georgia,45
atomoxetine,Illinois,42
atomoxetine,New Jersey,39
atomoxetine,New York,36
atomoxetine,Hawaii,30
atomoxetine,California,27
benztropine,West Virginia,100
benztropine,Mississippi,100
benztropine,Alabama,88
benztropine,Arkansas,83
benztropine,Louisiana,77
benztropine,Iowa,72
benztropine,Delaware,72
benztropine,Kentucky,72
benztropine,Tennessee,66
benztropine,Ohio,66
benztropine,Indiana,66
benztropine,Missouri,61
benztropine,New Mexico,61
benztropine,Rhode Island,61
benztropine,Pennsylvania,61
benztropine,Connecticut,61
benztropine,Kansas,61
benztropine,Oklahoma,61
benztropine,Arizona,61
benztropine,Maryland,55
benztropine,Florida,55
benztropine,Michigan,55
benztropine,Massachusetts,55
benztropine,Alaska,55
benztropine,Wyoming,55
benztropine,Nevada,55
benztropine,Idaho,50
benztropine,Maine,50
benztropine,Georgia,50
benztropine,New Jersey,50
benztropine,South Carolina,50
benztropine,Illinois,50
benztropine,Texas,44
benztropine,Minnesota,44
benztropine,Virginia,44
benztropine,New York,44
benztropine,New Hampshire,44
benztropine,North Carolina,44
benztropine,Wisconsin,44
benztropine,Nebraska,44
benztropine,District of Columbia,44
benztropine,Utah,38
benztropine,Hawaii,38
benztropine,South Dakota,38
benztropine,California,38
benztropine,Washington,33
benztropine,Montana,33
benztropine,Colorado,27
benztropine,Oregon,27
benztropine,North Dakota,27
benztropine,Vermont,22
carbamazepine,West Virginia,100
carbamazepine,Alabama,90
carbamazepine,Arkansas,90
carbamazepine,Mississippi,90
carbamazepine,Louisiana,90
carbamazepine,Maine,87
carbamazepine,South Dakota,87
carbamazepine,North Dakota,80
carbamazepine,Kentucky,80
carbamazepine,Florida,80
carbamazepine,Missouri,80
carbamazepine,Vermont,80
carbamazepine,New Mexico,77
carbamazepine,Tennessee,77
carbamazepine,Iowa,77
carbamazepine,Rhode Island,74
carbamazepine,Delaware,74
carbamazepine,Kansas,70
carbamazepine,Idaho,70
carbamazepine,Arizona,70
carbamazepine,Oklahoma,67
carbamazepine,Connecticut,67
carbamazepine,Michigan,67
carbamazepine,Wyoming,67
carbamazepine,Montana,67
carbamazepine,Alaska,67
carbamazepine,Nevada,67
carbamazepine,Minnesota,64
carbamazepine,Ohio,64
carbamazepine,Pennsylvania,64
carbamazepine,Nebraska,64
carbamazepine,Texas,64
carbamazepine,Maryland,64
carbamazepine,Indiana,64
carbamazepine,Colorado,61
carbamazepine,South Carolina,61
carbamazepine,Illinois,61
carbamazepine,Massachusetts,61
carbamazepine,Wisconsin,61
carbamazepine,Utah,61
carbamazepine,New Hampshire,58
carbamazepine,Virginia,58
carbamazepine,Oregon,54
carbamazepine,North Carolina,54
carbamazepine,New Jersey,54
carbamazepine,Georgia,54
carbamazepine,New York,51
carbamazepine,Washington,51
carbamazepine,California,51
carbamazepine,District of Columbia,48
carbamazepine,Hawaii,45
cefprozil,Kentucky,100
cefprozil,Mississippi,91
cefprozil,Louisiana,83
cefprozil,Arkansas,83
cefprozil,Alabama,83
cefprozil,North Dakota,58
cefprozil,South Dakota,50
cefprozil,Georgia,50
cefprozil,Kansas,50
cefprozil,Nebraska,33
cefprozil,Minnesota,33
cefprozil,Missouri,33
cefprozil,Rhode Island,25
cefprozil,Wisconsin,25
cefprozil,Virginia,25
cefprozil,Oklahoma,25
cefprozil,Tennessee,25
cefprozil,South Carolina,16
cefprozil,New Mexico,16
cefprozil,New Jersey,16
cefprozil,New York,16
cefprozil,Pennsylvania,16
cefprozil,Connecticut,16
cefprozil,Texas,16
cefprozil,Iowa,16
cefprozil,Indiana,16
cefprozil,North Carolina,16
cefprozil,Florida,16
cefprozil,Massachusetts,8
cefprozil,Ohio,8
cefprozil,West Virginia,8
cefprozil,Idaho,8
cefprozil,Hawaii,8
cefprozil,Illinois,8
cefprozil,Michigan,8
cefprozil,Colorado,8
cefprozil,Maryland,8
cefprozil,Washington,8
citalopram,Arkansas,100
citalopram,Mississippi,84
citalopram,West Virginia,82
citalopram,Maine,81
citalopram,Idaho,78
citalopram,Tennessee,78
citalopram,Vermont,77
citalopram,South Dakota,76
citalopram,Alabama,75
citalopram,Oklahoma,75
citalopram,Kansas,75
citalopram,Rhode Island,75
citalopram,Kentucky,74
citalopram,Montana,74
citalopram,Wyoming,72
citalopram,Massachusetts,71
citalopram,Missouri,70
citalopram,New Mexico,69
citalopram,New Hampshire,66
citalopram,Louisiana,65
citalopram,Ohio,63
citalopram,Minnesota,62
citalopram,Utah,62
citalopram,Iowa,62
citalopram,North Carolina,60
citalopram,Georgia,58
citalopram,South Carolina,57
citalopram,Texas,56
citalopram,Florida,56
citalopram,Oregon,56
citalopram,Indiana,55
citalopram,Michigan,54
citalopram,Nebraska,54
citalopram,Washington,54
citalopram,Wisconsin,53
citalopram,North Dakota,52
citalopram,Pennsylvania,51
citalopram,Delaware,50
citalopram,Nevada,49
citalopram,Alaska,49
citalopram,Illinois,49
citalopram,Arizona,46
citalopram,Colorado,45
citalopram,Virginia,43
citalopram,Connecticut,37
citalopram,Maryland,34
citalopram,New York,33
citalopram,California,32
citalopram,Hawaii,31
citalopram,District of Columbia,30
citalopram,New Jersey,23
clomipramine,Vermont,100
clomipramine,Maine,90
clomipramine,Massachusetts,90
clomipramine,New Hampshire,81
clomipramine,Connecticut,81
clomipramine,Kentucky,81
clomipramine,West Virginia,72
clomipramine,Rhode Island,72
clomipramine,Utah,72
clomipramine,Arkansas,72
clomipramine,Ohio,72
clomipramine,Pennsylvania,72
clomipramine,Oregon,63
clomipramine,Minnesota,63
clomipramine,Tennessee,63
clomipramine,Wisconsin,63
clomipramine,New Jersey,63
clomipramine,Maryland,63
clomipramine,Indiana,63
clomipramine,Kansas,63
clomipramine,Louisiana,63
clomipramine,Michigan,63
clomipramine,Iowa,63
clomipramine,District of Columbia,63
clomipramine,Missouri,54
clomipramine,New York,54
clomipramine,Idaho,54
clomipramine,New Mexico,54
clomipramine,Illinois,54
clomipramine,Virginia,54
clomipramine,Delaware,54
clomipramine,Oklahoma,54
clomipramine,Alabama,54
clomipramine,North Dakota,54
clomipramine,Arizona,54
clomipramine,South Carolina,54
clomipramine,North Carolina,54
clomipramine,South Dakota,54
clomipramine,Mississippi,54
clomipramine,Montana,45
clomipramine,Washington,45
clomipramine,Colorado,45
clomipramine,Florida,45
clomipramine,Nebraska,45
clomipramine,Wyoming,45
clomipramine,Georgia,36
clomipramine,Texas,36
clomipramine,California,36
clomipramine,Nevada,36
clomipramine,Hawaii,18
dabigatran,Rhode Island,100
dabigatran,Hawaii,88
dabigatran,Maryland,88
dabigatran,Florida,88
dabigatran,Alabama,77
dabigatran,District of Columbia,66
dabigatran,Washington,66
dabigatran,West Virginia,66
dabigatran,Arizona,66
dabigatran,Louisiana,66
dabigatran,Delaware,66
dabigatran,Pennsylvania,66
dabigatran,Tennessee,66
dabigatran,Colorado,66
dabigatran,Oregon,66
dabigatran,New Jersey,66
dabigatran,Connecticut,55
dabigatran,Mississippi,55
dabigatran,South Dakota,55
dabigatran,Kansas,55
dabigatran,California,55
dabigatran,Indiana,55
dabigatran,Idaho,55
dabigatran,New York,55
dabigatran,Ohio,55
dabigatran,Maine,55
dabigatran,Missouri,55
dabigatran,Iowa,55
dabigatran,Arkansas,55
dabigatran,Kentucky,55
dabigatran,Virginia,55
dabigatran,New Hampshire,55
dabigatran,Massachusetts,55
dabigatran,Minnesota,55
dabigatran,Vermont,44
dabigatran,Michigan,44
dabigatran,Georgia,44
dabigatran,Oklahoma,44
dabigatran,Nevada,44
dabigatran,Illinois,44
dabigatran,Nebraska,44
dabigatran,Utah,44
dabigatran,South Carolina,44
dabigatran,Wisconsin,44
dabigatran,Texas,44
dabigatran,North Carolina,44
dabigatran,North Dakota,44
dabigatran,New Mexico,44
dabigatran,Montana,44
dexmethylphenidate,West Virginia,100
dexmethylphenidate,Arkansas,94
dexmethylphenidate,Alabama,94
dexmethylphenidate,Mississippi,88
dexmethylphenidate,Kansas,88
dexmethylphenidate,Nebraska,88
dexmethylphenidate,Iowa,88
dexmethylphenidate,Delaware,88
dexmethylphenidate,Maine,83
dexmethylphenidate,Indiana,77
dexmethylphenidate,South Dakota,77
dexmethylphenidate,Rhode Island,77
dexmethylphenidate,Tennessee,77
dexmethylphenidate,Kentucky,77
dexmethylphenidate,South Carolina,77
dexmethylphenidate,Vermont,72
dexmethylphenidate,New Hampshire,72
dexmethylphenidate,Louisiana,72
dexmethylphenidate,Wisconsin,66
dexmethylphenidate,Oklahoma,66
dexmethylphenidate,Texas,66
dexmethylphenidate,Missouri,66
dexmethylphenidate,Illinois,66
dexmethylphenidate,North Carolina,61
dexmethylphenidate,Utah,61
dexmethylphenidate,Idaho,61
dexmethylphenidate,Massachusetts,61
dexmethylphenidate,Ohio,55
dexmethylphenidate,Connecticut,55
dexmethylphenidate,Georgia,55
dexmethylphenidate,Maryland,55
dexmethylphenidate,Pennsylvania,55
dexmethylphenidate,North Dakota,55
dexmethylphenidate,Michigan,50
dexmethylphenidate,Florida,50
dexmethylphenidate,District of Columbia,44
dexmethylphenidate,Minnesota,44
dexmethylphenidate,Colorado,44
dexmethylphenidate,Virginia,44
dexmethylphenidate,Wyoming,44
dexmethylphenidate,Montana,44
dexmethylphenidate,Oregon,38
dexmethylphenidate,New Jersey,38
dexmethylphenidate,Alaska,38
dexmethylphenidate,New York,38
dexmethylphenidate,Arizona,38
dexmethylphenidate,Washington,33
dexmethylphenidate,New Mexico,33
dexmethylphenidate,Hawaii,22
dexmethylphenidate,Nevada,22
dexmethylphenidate,California,16
dextroamphetamine-amphetamine,West Virginia,100
dextroamphetamine-amphetamine,Kansas,50
dextroamphetamine-amphetamine,Kentucky,50
dextroamphetamine-amphetamine,Alabama,50
dextroamphetamine-amphetamine,Louisiana,50
dextroamphetamine-amphetamine,Tennessee,50
dextroamphetamine-amphetamine,Oregon,50
dextroamphetamine-amphetamine,Connecticut,50
dextroamphetamine-amphetamine,Virginia,50
dextroamphetamine-amphetamine,Mississippi,50
dextroamphetamine-amphetamine,Georgia,50
dextroamphetamine-amphetamine,Indiana,50
dextroamphetamine-amphetamine,Arkansas,50
diazepam,Arkansas,100
diazepam,Delaware,91
diazepam,Louisiana,89
diazepam,Kentucky,87
diazepam,West Virginia,86
diazepam,Rhode Island,86
diazepam,New Mexico,84
diazepam,Florida,82
diazepam,Alaska,82
diazepam,Oklahoma,81
diazepam,Tennessee,79
diazepam,Idaho,79
diazepam,Wyoming,79
diazepam,South Dakota,79
diazepam,Connecticut,77
diazepam,Alabama,77
diazepam,Utah,77
diazepam,Maine,75
diazepam,Texas,75
diazepam,South Carolina,75
diazepam,Montana,75
diazepam,New Hampshire,75
diazepam,Mississippi,75
diazepam,North Carolina,75
diazepam,Nevada,74
diazepam,Missouri,74
diazepam,Iowa,74
diazepam,Arizona,74
diazepam,Kansas,70
diazepam,Illinois,70
diazepam,Nebraska,70
diazepam,Georgia,68
diazepam,Hawaii,68
diazepam,Virginia,68
diazepam,Michigan,67
diazepam,Indiana,67
diazepam,Ohio,67
diazepam,Colorado,67
diazepam,Pennsylvania,67
diazepam,Minnesota,65
diazepam,New Jersey,65
diazepam,Maryland,63
diazepam,Vermont,62
diazepam,Massachusetts,62
diazepam,Oregon,62
diazepam,Wisconsin,62
diazepam,District of Columbia,60
diazepam,New York,58
diazepam,North Dakota,58
diazepam,Washington,55
diazepam,California,50
dicyclomine,Alabama,100
dicyclomine,Mississippi,88
dicyclomine,Louisiana,86
dicyclomine,Florida,85
dicyclomine,Kentucky,81
dicyclomine,Texas,81
dicyclomine,West Virginia,78
dicyclomine,Tennessee,77
dicyclomine,Georgia,73
dicyclomine,Indiana,73
dicyclomine,New Mexico,70
dicyclomine,Arkansas,69
dicyclomine,Delaware,63
dicyclomine,Ohio,63
dicyclomine,Nevada,61
dicyclomine,North Carolina,60
dicyclomine,Arizona,59
dicyclomine,South Carolina,57
dicyclomine,Missouri,56
dicyclomine,Oklahoma,54
dicyclomine,Michigan,54
dicyclomine,Kansas,52
dicyclomine,Illinois,50
dicyclomine,New Jersey,49
dicyclomine,Pennsylvania,48
dicyclomine,Virginia,48
dicyclomine,Nebraska,43
dicyclomine,Rhode Island,43
dicyclomine,Maine,42
dicyclomine,Idaho,42
dicyclomine,Connecticut,40
dicyclomine,Montana,39
dicyclomine,Maryland,39
dicyclomine,Alaska,38
dicyclomine,Iowa,38
dicyclomine,South Dakota,36
dicyclomine,Wyoming,36
dicyclomine,Wisconsin,36
dicyclomine,New York,35
dicyclomine,Hawaii,35
dicyclomine,Colorado,34
dicyclomine,Utah,33
dicyclomine,Oregon,30
dicyclomine,California,30
dicyclomine,Washington,30
dicyclomine,New Hampshire,29
dicyclomine,Massachusetts,27
dicyclomine,North Dakota,25
dicyclomine,Vermont,24
dicyclomine,District of Columbia,23
dicyclomine,Minnesota,23
diltiazem,Vermont,100
diltiazem,Arkansas,100
diltiazem,Alabama,85
diltiazem,West Virginia,80
diltiazem,Kansas,80
diltiazem,Rhode Island,80
diltiazem,Kentucky,75
diltiazem,Iowa,75
diltiazem,Maine,75
diltiazem,New Mexico,75
diltiazem,Montana,75
diltiazem,Tennessee,75
diltiazem,Mississippi,70
diltiazem,Missouri,70
diltiazem,Idaho,70
diltiazem,Indiana,65
diltiazem,Oklahoma,65
diltiazem,South Dakota,65
diltiazem,South Carolina,65
diltiazem,Arizona,65
diltiazem,Louisiana,65
diltiazem,New Hampshire,65
diltiazem,Connecticut,60
diltiazem,North Dakota,60
diltiazem,Florida,60
diltiazem,Nebraska,60
diltiazem,Ohio,60
diltiazem,North Carolina,60
diltiazem,Alaska,60
diltiazem,Wisconsin,60
diltiazem,Wyoming,60
diltiazem,Michigan,55
diltiazem,Massachusetts,55
diltiazem,Hawaii,55
diltiazem,Delaware,55
diltiazem,Minnesota,55
diltiazem,Pennsylvania,55
diltiazem,Georgia,50
diltiazem,New Jersey,50
diltiazem,Illinois,50
diltiazem,Nevada,50
diltiazem,Virginia,50
diltiazem,Oregon,50
diltiazem,Washington,45
diltiazem,Maryland,45
diltiazem,New York,40
diltiazem,Utah,40
diltiazem,Texas,40
diltiazem,California,40
diltiazem,Colorado,35
diltiazem,District of Columbia,25
divalproex sodium,Alabama,100
divalproex sodium,West Virginia,85
divalproex sodium,Montana,85
divalproex sodium,New Mexico,71
divalproex sodium,Arkansas,71
divalproex sodium,Tennessee,71
divalproex sodium,Maine,71
divalproex sodium,Kentucky,71
divalproex sodium,Arizona,71
divalproex sodium,Louisiana,71
divalproex sodium,Ohio,71
divalproex sodium,Delaware,71
divalproex sodium,Mississippi,71
divalproex sodium,Oklahoma,71
divalproex sodium,Missouri,71
divalproex sodium,South Dakota,71
divalproex sodium,Pennsylvania,57
divalproex sodium,Vermont,57
divalproex sodium,Indiana,57
divalproex sodium,Maryland,57
divalproex sodium,Florida,57
divalproex sodium,Nebraska,57
divalproex sodium,District of Columbia,57
divalproex sodium,Utah,57
divalproex sodium,Kansas,57
divalproex sodium,Texas,57
divalproex sodium,New Jersey,57
divalproex sodium,Connecticut,57
divalproex sodium,New York,57
divalproex sodium,Nevada,57
divalproex sodium,New Hampshire,57
divalproex sodium,Massachusetts,57
divalproex sodium,Idaho,57
divalproex sodium,Illinois,57
divalproex sodium,Michigan,57
divalproex sodium,South Carolina,57
divalproex sodium,Rhode Island,42
divalproex sodium,Virginia,42
divalproex sodium,Georgia,42
divalproex sodium,North Carolina,42
divalproex sodium,North Dakota,42
divalproex sodium,Iowa,42
divalproex sodium,California,42
divalproex sodium,Wisconsin,42
divalproex sodium,Minnesota,42
divalproex sodium,Oregon,42
divalproex sodium,Hawaii,42
divalproex sodium,Colorado,28
divalproex sodium,Washington,28
dofetilide,Vermont,100
dofetilide,Rhode Island,41
dofetilide,Arkansas,41
dofetilide,West Virginia,35
dofetilide,Maine,35
dofetilide,Wisconsin,35
dofetilide,Ohio,35
dofetilide,Pennsylvania,29
dofetilide,Connecticut,29
dofetilide,Kentucky,29
dofetilide,Indiana,29
dofetilide,New Hampshire,29
dofetilide,Kansas,23
dofetilide,Missouri,23
dofetilide,North Carolina,23
dofetilide,Tennessee,23
dofetilide,Iowa,23
dofetilide,Oklahoma,23
dofetilide,Florida,23
dofetilide,Massachusetts,23
dofetilide,Michigan,17
dofetilide,Louisiana,17
dofetilide,Montana,17
dofetilide,South Dakota,17
dofetilide,Illinois,17
dofetilide,South Carolina,17
dofetilide,Nebraska,17
dofetilide,Virginia,17
dofetilide,New Jersey,17
dofetilide,Arizona,17
dofetilide,Mississippi,17
dofetilide,Minnesota,11
dofetilide,Alabama,11
dofetilide,Oregon,11
dofetilide,Delaware,11
dofetilide,Georgia,11
dofetilide,New York,11
dofetilide,Idaho,11
dofetilide,Washington,11
dofetilide,Texas,11
dofetilide,Colorado,11
dofetilide,Maryland,11
dofetilide,Hawaii,5
dofetilide,California,5
dofetilide,Nevada,5
dofetilide,Utah,5
dofetilide,New Mexico,5
duloxetine,Alabama,100
duloxetine,Arkansas,94
duloxetine,West Virginia,91
duloxetine,Oklahoma,88
duloxetine,Indiana,88
duloxetine,Maine,88
duloxetine,South Dakota,84
duloxetine,Nebraska,83
duloxetine,Montana,82
duloxetine,Tennessee,81
duloxetine,Louisiana,80
duloxetine,Kentucky,79
duloxetine,Iowa,79
duloxetine,Wisconsin,79
duloxetine,New Mexico,78
duloxetine,Florida,77
duloxetine,Missouri,76
duloxetine,Wyoming,76
duloxetine,Idaho,75
duloxetine,Mississippi,75
duloxetine,Alaska,74
duloxetine,Vermont,73
duloxetine,South Carolina,70
duloxetine,Minnesota,69
duloxetine,North Dakota,69
duloxetine,Rhode Island,68
duloxetine,Kansas,68
duloxetine,Texas,68
duloxetine,Oregon,67
duloxetine,New Hampshire,67
duloxetine,North Carolina,66
duloxetine,Washington,66
duloxetine,Michigan,66
duloxetine,Delaware,65
duloxetine,Arizona,65
duloxetine,Pennsylvania,64
duloxetine,Utah,64
duloxetine,Illinois,64
duloxetine,Ohio,64
duloxetine,Georgia,63
duloxetine,Colorado,58
duloxetine,Virginia,58
duloxetine,Maryland,54
duloxetine,Massachusetts,53
duloxetine,Hawaii,51
duloxetine,Connecticut,50
duloxetine,Nevada,50
duloxetine,New York,44
duloxetine,New Jersey,41
duloxetine,California,41
duloxetine,District of Columbia,38
ecitalopram,New Mexico,100
ecitalopram,Oregon,100
ecitalopram,Arizona,100
empagliflozin,West Virginia,100
empagliflozin,Delaware,100
empagliflozin,North Dakota,100
empagliflozin,Montana,100
empagliflozin,Arkansas,100
empagliflozin,Mississippi,100
empagliflozin,Hawaii,100
empagliflozin,Oklahoma,100
empagliflozin,Maine,100
empagliflozin,Iowa,66
empagliflozin,Kansas,66
empagliflozin,Louisiana,66
empagliflozin,Tennessee,66
empagliflozin,Kentucky,66
empagliflozin,Rhode Island,66
empagliflozin,Minnesota,66
empagliflozin,District of Columbia,66
empagliflozin,Texas,66
empagliflozin,Ohio,66
empagliflozin,Washington,66
empagliflozin,New Mexico,66
empagliflozin,Alabama,66
empagliflozin,Oregon,66
empagliflozin,Maryland,66
empagliflozin,Virginia,66
empagliflozin,Pennsylvania,66
empagliflozin,Illinois,66
empagliflozin,Florida,66
empagliflozin,Michigan,66
empagliflozin,North Carolina,66
empagliflozin,Arizona,66
empagliflozin,Missouri,66
empagliflozin,South Carolina,66
empagliflozin,Massachusetts,66
empagliflozin,Indiana,66
empagliflozin,Nevada,66
empagliflozin,Wisconsin,33
empagliflozin,New Hampshire,33
empagliflozin,Nebraska,33
empagliflozin,Utah,33
empagliflozin,New York,33
empagliflozin,New Jersey,33
empagliflozin,Connecticut,33
empagliflozin,California,33
empagliflozin,Georgia,33
empagliflozin,Colorado,33
escitalopram,South Dakota,100
escitalopram,Iowa,94
escitalopram,Utah,88
escitalopram,Vermont,83
escitalopram,North Dakota,77
escitalopram,Idaho,77
escitalopram,Montana,77
escitalopram,Kansas,77
escitalopram,Nebraska,77
escitalopram,Arizona,77
escitalopram,Maine,77
escitalopram,Minnesota,77
escitalopram,Alaska,77
escitalopram,Wisconsin,72
escitalopram,West Virginia,72
escitalopram,Rhode Island,72
escitalopram,Wyoming,72
escitalopram,Connecticut,66
escitalopram,Massachusetts,66
escitalopram,Oklahoma,66
escitalopram,New Hampshire,66
escitalopram,Indiana,66
escitalopram,Tennessee,66
escitalopram,Mississippi,66
escitalopram,Arkansas,66
escitalopram,New Mexico,66
escitalopram,Missouri,66
escitalopram,Kentucky,66
escitalopram,Delaware,61
escitalopram,Illinois,61
escitalopram,Florida,61
escitalopram,South Carolina,61
escitalopram,Hawaii,61
escitalopram,Alabama,61
escitalopram,Nevada,61
escitalopram,Oregon,61
escitalopram,Washington,61
escitalopram,Virginia,61
escitalopram,Colorado,61
escitalopram,Pennsylvania,55
escitalopram,Louisiana,55
escitalopram,North Carolina,55
escitalopram,Maryland,55
escitalopram,Texas,55
escitalopram,Michigan,55
escitalopram,Ohio,55
escitalopram,New Jersey,50
escitalopram,Georgia,50
escitalopram,New York,44
escitalopram,District of Columbia,44
escitalopram,California,38
fluoxetine,Maine,100
fluoxetine,Vermont,99
fluoxetine,South Dakota,98
fluoxetine,West Virginia,96
fluoxetine,Iowa,94
fluoxetine,Louisiana,94
fluoxetine,Utah,93
fluoxetine,Arkansas,93
fluoxetine,Wisconsin,93
fluoxetine,North Dakota,90
fluoxetine,Montana,89
fluoxetine,Kentucky,87
fluoxetine,Alabama,87
fluoxetine,Oklahoma,86
fluoxetine,Rhode Island,84
fluoxetine,Idaho,84
fluoxetine,Missouri,82
fluoxetine,Wyoming,81
fluoxetine,Tennessee,81
fluoxetine,Minnesota,81
fluoxetine,Alaska,80
fluoxetine,Texas,79
fluoxetine,New Hampshire,79
fluoxetine,Indiana,79
fluoxetine,Massachusetts,79
fluoxetine,Kansas,78
fluoxetine,Nebraska,77
fluoxetine,South Carolina,77
fluoxetine,North Carolina,77
fluoxetine,Arizona,76
fluoxetine,New Mexico,74
fluoxetine,Oregon,73
fluoxetine,Georgia,71
fluoxetine,Mississippi,71
fluoxetine,Washington,70
fluoxetine,Illinois,69
fluoxetine,Delaware,68
fluoxetine,Ohio,68
fluoxetine,Florida,68
fluoxetine,Colorado,66
fluoxetine,Maryland,65
fluoxetine,Michigan,64
fluoxetine,Pennsylvania,63
fluoxetine,Virginia,63
fluoxetine,Connecticut,59
fluoxetine,Nevada,54
fluoxetine,New York,51
fluoxetine,District of Columbia,51
fluoxetine,New Jersey,49
fluoxetine,Hawaii,44
fluoxetine,California,44
fluvoxamine,Maine,100
fluvoxamine,West Virginia,89
fluvoxamine,New Hampshire,86
fluvoxamine,Arkansas,86
fluvoxamine,Tennessee,82
fluvoxamine,Montana,79
fluvoxamine,Connecticut,79
fluvoxamine,Massachusetts,79
fluvoxamine,Rhode Island,79
fluvoxamine,Utah,75
fluvoxamine,Nebraska,75
fluvoxamine,Idaho,72
fluvoxamine,Louisiana,72
fluvoxamine,Oregon,72
fluvoxamine,Mississippi,72
fluvoxamine,Kansas,72
fluvoxamine,Missouri,72
fluvoxamine,Delaware,72
fluvoxamine,Kentucky,72
fluvoxamine,Alabama,68
fluvoxamine,Vermont,68
fluvoxamine,Maryland,68
fluvoxamine,Arizona,68
fluvoxamine,Iowa,65
fluvoxamine,Alaska,65
fluvoxamine,Ohio,65
fluvoxamine,Pennsylvania,65
fluvoxamine,Minnesota,65
fluvoxamine,Oklahoma,65
fluvoxamine,New Mexico,62
fluvoxamine,Wisconsin,62
fluvoxamine,Indiana,62
fluvoxamine,New Jersey,58
fluvoxamine,Virginia,58
fluvoxamine,Michigan,58
fluvoxamine,South Carolina,58
fluvoxamine,Illinois,58
fluvoxamine,North Carolina,58
fluvoxamine,North Dakota,55
fluvoxamine,Washington,55
fluvoxamine,Florida,55
fluvoxamine,Colorado,55
fluvoxamine,District of Columbia,55
fluvoxamine,South Dakota,51
fluvoxamine,Texas,51
fluvoxamine,Hawaii,48
fluvoxamine,Georgia,48
fluvoxamine,Wyoming,48
fluvoxamine,California,48
fluvoxamine,New York,44
fluvoxamine,Nevada,44
guanfacine,Vermont,100
guanfacine,Maine,80
guanfacine,Kentucky,76
guanfacine,Utah,76
guanfacine,West Virginia,72
guanfacine,Kansas,68
guanfacine,Arkansas,68
guanfacine,Idaho,64
guanfacine,Tennessee,64
guanfacine,New Hampshire,64
guanfacine,South Dakota,64
guanfacine,Wisconsin,64
guanfacine,Montana,60
guanfacine,Missouri,60
guanfacine,Alaska,60
guanfacine,Minnesota,60
guanfacine,Iowa,60
guanfacine,Indiana,60
guanfacine,Oklahoma,60
guanfacine,Massachusetts,56
guanfacine,Nebraska,56
guanfacine,North Dakota,56
guanfacine,Oregon,56
guanfacine,Connecticut,52
guanfacine,Rhode Island,52
guanfacine,Washington,52
guanfacine,Mississippi,52
guanfacine,Virginia,48
guanfacine,North Carolina,48
guanfacine,Louisiana,48
guanfacine,Arizona,48
guanfacine,Wyoming,48
guanfacine,Alabama,48
guanfacine,Ohio,48
guanfacine,Delaware,48
guanfacine,Illinois,48
guanfacine,Colorado,44
guanfacine,Pennsylvania,44
guanfacine,South Carolina,44
guanfacine,Maryland,44
guanfacine,Georgia,40
guanfacine,Michigan,40
guanfacine,New Mexico,40
guanfacine,Florida,40
guanfacine,Texas,36
guanfacine,New Jersey,36
guanfacine,New York,32
guanfacine,District of Columbia,28
guanfacine,Nevada,28
guanfacine,California,28
guanfacine,Hawaii,20
hydrocodone acetaminophen,Mississippi,100
hydrocodone acetaminophen,Louisiana,91
hydrocodone acetaminophen,Nevada,74
hydrocodone acetaminophen,South Carolina,72
hydrocodone acetaminophen,Arkansas,72
hydrocodone acetaminophen,Alaska,70
hydrocodone acetaminophen,Alabama,70
hydrocodone acetaminophen,Kentucky,70
hydrocodone acetaminophen,Florida,67
hydrocodone acetaminophen,Indiana,67
hydrocodone acetaminophen,West Virginia,67
hydrocodone acetaminophen,Montana,62
hydrocodone acetaminophen,California,60
hydrocodone acetaminophen,Illinois,60
hydrocodone acetaminophen,Utah,56
hydrocodone acetaminophen,Georgia,55
hydrocodone acetaminophen,Wyoming,55
hydrocodone acetaminophen,Tennessee,55
hydrocodone acetaminophen,South Dakota,55
hydrocodone acetaminophen,Kansas,53
hydrocodone acetaminophen,Idaho,53
hydrocodone acetaminophen,Oklahoma,53
hydrocodone acetaminophen,Missouri,53
hydrocodone acetaminophen,Hawaii,51
hydrocodone acetaminophen,Michigan,51
hydrocodone acetaminophen,North Carolina,50
hydrocodone acetaminophen,Arizona,50
hydrocodone acetaminophen,Oregon,48
hydrocodone acetaminophen,Ohio,46
hydrocodone acetaminophen,Nebraska,46
hydrocodone acetaminophen,Iowa,46
hydrocodone acetaminophen,Wisconsin,44
hydrocodone acetaminophen,New Mexico,44
hydrocodone acetaminophen,Texas,44
hydrocodone acetaminophen,Rhode Island,43
hydrocodone acetaminophen,Washington,43
hydrocodone acetaminophen,Delaware,41
hydrocodone acetaminophen,Colorado,41
hydrocodone acetaminophen,Virginia,39
hydrocodone acetaminophen,New Hampshire,37
hydrocodone acetaminophen,Pennsylvania,37
hydrocodone acetaminophen,North Dakota,37
hydrocodone acetaminophen,Connecticut,37
hydrocodone acetaminophen,Maine,36
hydrocodone acetaminophen,Minnesota,36
hydrocodone acetaminophen,Maryland,34
hydrocodone acetaminophen,Vermont,31
hydrocodone acetaminophen,New Jersey,27
hydrocodone acetaminophen,Massachusetts,27
hydrocodone acetaminophen,New York,24
hydrocodone acetaminophen,District of Columbia,18
imipramine,Arkansas,100
imipramine,Rhode Island,71
imipramine,Louisiana,64
imipramine,West Virginia,64
imipramine,Alabama,64
imipramine,Wyoming,64
imipramine,South Dakota,64
imipramine,Kentucky,57
imipramine,Maine,57
imipramine,Utah,57
imipramine,Tennessee,50
imipramine,Mississippi,50
imipramine,Indiana,50
imipramine,New Hampshire,50
imipramine,Montana,50
imipramine,Iowa,50
imipramine,Delaware,50
imipramine,Kansas,50
imipramine,Wisconsin,50
imipramine,Oklahoma,42
imipramine,Missouri,42
imipramine,Connecticut,42
imipramine,Vermont,42
imipramine,Nebraska,42
imipramine,Idaho,42
imipramine,Minnesota,35
imipramine,Virginia,35
imipramine,Oregon,35
imipramine,South Carolina,35
imipramine,Florida,35
imipramine,North Dakota,35
imipramine,Massachusetts,35
imipramine,Pennsylvania,35
imipramine,North Carolina,35
imipramine,Michigan,35
imipramine,New Mexico,35
imipramine,Maryland,35
imipramine,Ohio,35
imipramine,Georgia,35
imipramine,Alaska,35
imipramine,Texas,35
imipramine,Arizona,35
imipramine,Illinois,28
imipramine,Nevada,28
imipramine,Colorado,28
imipramine,New Jersey,28
imipramine,New York,28
imipramine,Hawaii,28
imipramine,Washington,28
imipramine,California,21
imipramine,District of Columbia,21
lacosamide,Mississippi,100
lacosamide,Alabama,100
lacosamide,Utah,83
lacosamide,New Mexico,83
lacosamide,Rhode Island,83
lacosamide,South Dakota,83
lacosamide,Louisiana,66
lacosamide,Arkansas,66
lacosamide,West Virginia,66
lacosamide,Maryland,66
lacosamide,Indiana,66
lacosamide,Michigan,66
lacosamide,Oregon,66
lacosamide,Massachusetts,66
lacosamide,Arizona,66
lacosamide,Oklahoma,66
lacosamide,Kentucky,66
lacosamide,Minnesota,66
lacosamide,Tennessee,66
lacosamide,Nevada,66
lacosamide,Missouri,66
lacosamide,Kansas,66
lacosamide,Iowa,66
lacosamide,Idaho,66
lacosamide,Ohio,50
lacosamide,Pennsylvania,50
lacosamide,New Jersey,50
lacosamide,Illinois,50
lacosamide,New York,50
lacosamide,Delaware,50
lacosamide,District of Columbia,50
lacosamide,New Hampshire,50
lacosamide,North Carolina,50
lacosamide,Florida,50
lacosamide,Washington,50
lacosamide,Texas,50
lacosamide,South Carolina,50
lacosamide,Hawaii,50
lacosamide,Virginia,50
lacosamide,Montana,50
lacosamide,Nebraska,50
lacosamide,Georgia,50
lacosamide,Colorado,50
lacosamide,Wisconsin,50
lacosamide,California,50
lacosamide,Connecticut,33
lacosamide,Maine,33
liraglutide,Rhode Island,100
liraglutide,Washington,50
liraglutide,Massachusetts,50
liraglutide,West Virginia,50
liraglutide,Kentucky,50
liraglutide,Kansas,50
liraglutide,Virginia,50
liraglutide,Minnesota,50
liraglutide,Nebraska,50
liraglutide,Utah,50
liraglutide,Florida,50
liraglutide,Michigan,50
liraglutide,Wisconsin,50
liraglutide,Maryland,50
liraglutide,Pennsylvania,50
liraglutide,Mississippi,50
liraglutide,New York,50
liraglutide,Texas,50
liraglutide,Tennessee,50
liraglutide,New Jersey,50
liraglutide,Connecticut,50
liraglutide,Colorado,50
liraglutide,Illinois,50
liraglutide,Georgia,50
liraglutide,Louisiana,50
liraglutide,Oregon,50
liraglutide,Ohio,50
liraglutide,Iowa,50
liraglutide,North Carolina,50
liraglutide,Oklahoma,50
liraglutide,California,50
liraglutide,Alabama,50
liraglutide,Arizona,50
liraglutide,Indiana,50
liraglutide,South Carolina,50
liraglutide,Arkansas,50
lisdexamfetamine dimesylate,Nebraska,100
lisdexamfetamine dimesylate,District of Columbia,100
lisdexamfetamine dimesylate,South Dakota,75
lisdexamfetamine dimesylate,Delaware,50
lisdexamfetamine dimesylate,Wisconsin,50
lisdexamfetamine dimesylate,Iowa,50
lisdexamfetamine dimesylate,Utah,50
lisdexamfetamine dimesylate,Indiana,50
lisdexamfetamine dimesylate,Arkansas,50
lisdexamfetamine dimesylate,Maryland,50
lisdexamfetamine dimesylate,Maine,25
lisdexamfetamine dimesylate,New Hampshire,25
lisdexamfetamine dimesylate,Tennessee,25
lisdexamfetamine dimesylate,Illinois,25
lisdexamfetamine dimesylate,Virginia,25
lisdexamfetamine dimesylate,Alabama,25
lisdexamfetamine dimesylate,Mississippi,25
lisdexamfetamine dimesylate,Arizona,25
lisdexamfetamine dimesylate,Ohio,25
lisdexamfetamine dimesylate,Louisiana,25
lisdexamfetamine dimesylate,Minnesota,25
lisdexamfetamine dimesylate,Pennsylvania,25
lisdexamfetamine dimesylate,Washington,25
lisdexamfetamine dimesylate,Texas,25
lisdexamfetamine dimesylate,North Carolina,25
lisdexamfetamine dimesylate,Oregon,25
lisdexamfetamine dimesylate,Kansas,25
lisdexamfetamine dimesylate,Missouri,25
lisdexamfetamine dimesylate,Connecticut,25
lisdexamfetamine dimesylate,Oklahoma,25
lisdexamfetamine dimesylate,Michigan,25
lisdexamfetamine dimesylate,Florida,25
lisdexamfetamine dimesylate,Georgia,25
lisdexamfetamine dimesylate,New Jersey,25
lisdexamfetamine dimesylate,South Carolina,25
lisdexamfetamine dimesylate,Massachusetts,25
lisdexamfetamine,Kansas,100
lisdexamfetamine,South Dakota,94
lisdexamfetamine,Nebraska,83
lisdexamfetamine,Louisiana,83
lisdexamfetamine,District of Columbia,83
lisdexamfetamine,Indiana,83
lisdexamfetamine,Delaware,77
lisdexamfetamine,Arkansas,77
lisdexamfetamine,Wisconsin,77
lisdexamfetamine,Maine,77
lisdexamfetamine,Alabama,77
lisdexamfetamine,New Hampshire,72
lisdexamfetamine,Alaska,72
lisdexamfetamine,Utah,66
lisdexamfetamine,Tennessee,66
lisdexamfetamine,Mississippi,66
lisdexamfetamine,North Dakota,66
lisdexamfetamine,Idaho,66
lisdexamfetamine,Oklahoma,66
lisdexamfetamine,Iowa,61
lisdexamfetamine,Minnesota,61
lisdexamfetamine,South Carolina,61
lisdexamfetamine,Kentucky,61
lisdexamfetamine,North Carolina,61
lisdexamfetamine,Maryland,55
lisdexamfetamine,Arizona,55
lisdexamfetamine,Illinois,55
lisdexamfetamine,Connecticut,55
lisdexamfetamine,Texas,55
lisdexamfetamine,West Virginia,55
lisdexamfetamine,Missouri,55
lisdexamfetamine,Vermont,55
lisdexamfetamine,Rhode Island,55
lisdexamfetamine,Washington,55
lisdexamfetamine,Virginia,50
lisdexamfetamine,Massachusetts,50
lisdexamfetamine,Michigan,50
lisdexamfetamine,Montana,50
lisdexamfetamine,Pennsylvania,50
lisdexamfetamine,Colorado,50
lisdexamfetamine,Wyoming,50
lisdexamfetamine,Ohio,50
lisdexamfetamine,Georgia,50
lisdexamfetamine,Oregon,50
lisdexamfetamine,Florida,44
lisdexamfetamine,New Jersey,38
lisdexamfetamine,New York,33
lisdexamfetamine,Nevada,33
lisdexamfetamine,New Mexico,27
lisdexamfetamine,California,22
lisdexamfetamine,Hawaii,22
meloxicam,Arkansas,100
meloxicam,Mississippi,93
meloxicam,Louisiana,90
meloxicam,Florida,89
meloxicam,Oklahoma,87
meloxicam,Texas,82
meloxicam,Montana,80
meloxicam,Alabama,78
meloxicam,Kansas,76
meloxicam,Tennessee,76
meloxicam,North Carolina,76
meloxicam,Wyoming,75
meloxicam,West Virginia,75
meloxicam,Nebraska,72
meloxicam,Rhode Island,71
meloxicam,South Carolina,71
meloxicam,Kentucky,69
meloxicam,South Dakota,69
meloxicam,Georgia,67
meloxicam,Connecticut,67
meloxicam,Missouri,65
meloxicam,Ohio,63
meloxicam,Indiana,63
meloxicam,Idaho,63
meloxicam,Iowa,63
meloxicam,New Jersey,60
meloxicam,Delaware,57
meloxicam,Illinois,57
meloxicam,Michigan,57
meloxicam,Pennsylvania,57
meloxicam,Nevada,56
meloxicam,New York,53
meloxicam,Maryland,53
meloxicam,Alaska,52
meloxicam,New Mexico,50
meloxicam,Utah,49
meloxicam,Virginia,47
meloxicam,Wisconsin,45
meloxicam,Arizona,45
meloxicam,Oregon,45
meloxicam,Colorado,43
meloxicam,California,41
meloxicam,New Hampshire,39
meloxicam,Maine,38
meloxicam,Vermont,38
meloxicam,Hawaii,38
meloxicam,Washington,36
meloxicam,District of Columbia,35
meloxicam,North Dakota,34
meloxicam,Minnesota,30
meloxicam,Massachusetts,28
memantine,Mississippi,100
memantine,Alabama,95
memantine,New Mexico,90
memantine,Florida,90
memantine,Tennessee,90
memantine,Louisiana,85
memantine,Oklahoma,85
memantine,West Virginia,80
memantine,Kentucky,80
memantine,South Carolina,76
memantine,Kansas,71
memantine,Indiana,71
memantine,Texas,71
memantine,Nebraska,71
memantine,Missouri,71
memantine,Hawaii,71
memantine,Georgia,66
memantine,Arkansas,66
memantine,Rhode Island,66
memantine,Connecticut,66
memantine,Arizona,61
memantine,Michigan,61
memantine,Ohio,61
memantine,Massachusetts,61
memantine,Iowa,61
memantine,Oregon,57
memantine,Illinois,57
memantine,Vermont,57
memantine,New Jersey,57
memantine,Montana,57
memantine,Delaware,57
memantine,Maryland,57
memantine,Maine,57
memantine,Virginia,57
memantine,New Hampshire,57
memantine,California,57
memantine,North Carolina,52
memantine,Wisconsin,52
memantine,South Dakota,52
memantine,Nevada,52
memantine,Pennsylvania,52
memantine,Washington,52
memantine,New York,52
memantine,Idaho,47
memantine,Minnesota,47
memantine,Utah,47
memantine,Wyoming,47
memantine,Colorado,42
memantine,District of Columbia,38
memantine,North Dakota,28
memantine,Alaska,23
midodrine,West Virginia,100
midodrine,Kentucky,94
midodrine,Mississippi,91
midodrine,Alabama,91
midodrine,Louisiana,86
midodrine,Arkansas,86
midodrine,Florida,83
midodrine,Oklahoma,83
midodrine,Tennessee,80
midodrine,South Dakota,77
midodrine,Indiana,77
midodrine,North Dakota,75
midodrine,Missouri,75
midodrine,Nebraska,75
midodrine,South Carolina,72
midodrine,Ohio,72
midodrine,Michigan,72
midodrine,Kansas,69
midodrine,Arizona,69
midodrine,Pennsylvania,66
midodrine,Connecticut,63
midodrine,Texas,63
midodrine,New Mexico,63
midodrine,Iowa,61
midodrine,Georgia,61
midodrine,Maine,61
midodrine,Nevada,61
midodrine,Montana,58
midodrine,New Hampshire,58
midodrine,Virginia,58
midodrine,New Jersey,58
midodrine,Delaware,58
midodrine,Wyoming,55
midodrine,Massachusetts,55
midodrine,Illinois,52
midodrine,New York,52
midodrine,Maryland,52
midodrine,Idaho,50
midodrine,North Carolina,50
midodrine,Wisconsin,50
midodrine,California,50
midodrine,Utah,44
midodrine,Rhode Island,44
midodrine,Minnesota,44
midodrine,Oregon,44
midodrine,Hawaii,41
midodrine,District of Columbia,41
midodrine,Washington,41
midodrine,Colorado,41
midodrine,Vermont,38
midodrine,Alaska,38
molnupiravir,Alabama,100
molnupiravir,Arkansas,83
molnupiravir,Tennessee,66
molnupiravir,Rhode Island,66
molnupiravir,North Carolina,66
molnupiravir,Delaware,66
molnupiravir,Connecticut,50
molnupiravir,South Dakota,50
molnupiravir,Kentucky,50
molnupiravir,Mississippi,50
molnupiravir,Georgia,50
molnupiravir,New York,33
molnupiravir,New Mexico,33
molnupiravir,Nevada,33
molnupiravir,Texas,33
molnupiravir,New Jersey,33
molnupiravir,Maryland,33
molnupiravir,Missouri,33
molnupiravir,Virginia,33
molnupiravir,Oklahoma,33
molnupiravir,Maine,33
molnupiravir,West Virginia,33
molnupiravir,Louisiana,33
molnupiravir,District of Columbia,33
molnupiravir,Indiana,33
molnupiravir,Florida,33
molnupiravir,Ohio,33
molnupiravir,Pennsylvania,33
molnupiravir,Wisconsin,33
molnupiravir,New Hampshire,33
molnupiravir,Washington,33
molnupiravir,Hawaii,33
molnupiravir,Michigan,33
molnupiravir,California,33
molnupiravir,Illinois,16
molnupiravir,South Carolina,16
molnupiravir,Minnesota,16
molnupiravir,Iowa,16
molnupiravir,Kansas,16
molnupiravir,Massachusetts,16
molnupiravir,Oregon,16
molnupiravir,Arizona,16
molnupiravir,Nebraska,16
olanzapine,South Dakota,100
olanzapine,West Virginia,100
olanzapine,Idaho,100
olanzapine,Minnesota,100
olanzapine,Maine,100
olanzapine,Arkansas,100
olanzapine,Montana,95
olanzapine,Oregon,95
olanzapine,Alabama,95
olanzapine,New Mexico,95
olanzapine,Kentucky,90
olanzapine,Oklahoma,85
olanzapine,Nebraska,85
olanzapine,Vermont,85
olanzapine,Arizona,85
olanzapine,Missouri,85
olanzapine,Maryland,80
olanzapine,Alaska,80
olanzapine,Kansas,80
olanzapine,Massachusetts,80
olanzapine,Tennessee,80
olanzapine,Washington,80
olanzapine,Wisconsin,80
olanzapine,Louisiana,76
olanzapine,New Hampshire,76
olanzapine,Delaware,76
olanzapine,Utah,76
olanzapine,Mississippi,76
olanzapine,Iowa,76
olanzapine,Michigan,76
olanzapine,North Dakota,76
olanzapine,Hawaii,71
olanzapine,Illinois,71
olanzapine,California,71
olanzapine,Wyoming,71
olanzapine,Indiana,71
olanzapine,Connecticut,71
olanzapine,Florida,66
olanzapine,Pennsylvania,66
olanzapine,Rhode Island,66
olanzapine,Ohio,66
olanzapine,Texas,66
olanzapine,Nevada,66
olanzapine,Virginia,66
olanzapine,Georgia,61
olanzapine,New Jersey,61
olanzapine,North Carolina,61
olanzapine,New York,57
olanzapine,Colorado,57
olanzapine,District of Columbia,57
olanzapine,South Carolina,52
ondansetron,Louisiana,100
ondansetron,Mississippi,76
ondansetron,Alabama,75
ondansetron,Texas,64
ondansetron,Kentucky,60
ondansetron,Arkansas,60
ondansetron,Oklahoma,57
ondansetron,Tennessee,57
ondansetron,Florida,57
ondansetron,New Mexico,55
ondansetron,West Virginia,51
ondansetron,South Carolina,48
ondansetron,Georgia,46
ondansetron,Nevada,46
ondansetron,Arizona,46
ondansetron,Idaho,46
ondansetron,Indiana,42
ondansetron,Utah,41
ondansetron,Rhode Island,39
ondansetron,Colorado,37
ondansetron,Delaware,37
ondansetron,Missouri,37
ondansetron,Alaska,37
ondansetron,North Carolina,37
ondansetron,Wyoming,37
ondansetron,Montana,35
ondansetron,Kansas,35
ondansetron,Maryland,35
ondansetron,Washington,35
ondansetron,Virginia,35
ondansetron,Ohio,33
ondansetron,Oregon,33
ondansetron,California,33
ondansetron,Maine,33
ondansetron,Nebraska,33
ondansetron,Connecticut,33
ondansetron,Michigan,32
ondansetron,Iowa,30
ondansetron,New Jersey,30
ondansetron,Wisconsin,30
ondansetron,South Dakota,30
ondansetron,Hawaii,30
ondansetron,Illinois,28
ondansetron,Pennsylvania,28
ondansetron,Minnesota,26
ondansetron,New Hampshire,25
ondansetron,North Dakota,25
ondansetron,District of Columbia,25
ondansetron,Massachusetts,25
ondansetron,New York,25
ondansetron,Vermont,25
pregabalin,New Mexico,100
pregabalin,Arkansas,100
pregabalin,Alabama,88
pregabalin,Maine,82
pregabalin,Nebraska,82
pregabalin,Mississippi,82
pregabalin,Idaho,82
pregabalin,Oklahoma,76
pregabalin,Oregon,76
pregabalin,Hawaii,76
pregabalin,Iowa,76
pregabalin,Louisiana,76
pregabalin,Tennessee,76
pregabalin,South Dakota,76
pregabalin,Alaska,76
pregabalin,Wisconsin,70
pregabalin,Nevada,70
pregabalin,Rhode Island,70
pregabalin,Wyoming,70
pregabalin,Arizona,70
pregabalin,Indiana,70
pregabalin,Kentucky,70
pregabalin,Minnesota,70
pregabalin,Kansas,70
pregabalin,North Carolina,64
pregabalin,South Carolina,64
pregabalin,Virginia,64
pregabalin,Florida,64
pregabalin,West Virginia,64
pregabalin,Georgia,64
pregabalin,Missouri,64
pregabalin,Michigan,64
pregabalin,Washington,58
pregabalin,Illinois,58
pregabalin,Montana,58
pregabalin,Texas,58
pregabalin,Utah,58
pregabalin,Maryland,58
pregabalin,North Dakota,58
pregabalin,Pennsylvania,58
pregabalin,New Hampshire,58
pregabalin,Delaware,58
pregabalin,Connecticut,58
pregabalin,Colorado,58
pregabalin,Ohio,52
pregabalin,New Jersey,52
pregabalin,Vermont,52
pregabalin,Massachusetts,47
pregabalin,New York,41
pregabalin,District of Columbia,35
pregabalin,California,35
prochlorperazine,West Virginia,100
prochlorperazine,Vermont,85
prochlorperazine,Montana,76
prochlorperazine,Maine,76
prochlorperazine,Kentucky,71
prochlorperazine,Mississippi,71
prochlorperazine,Tennessee,71
prochlorperazine,Oklahoma,71
prochlorperazine,Alabama,71
prochlorperazine,Missouri,66
prochlorperazine,Michigan,66
prochlorperazine,Louisiana,66
prochlorperazine,Indiana,61
prochlorperazine,South Dakota,61
prochlorperazine,Delaware,61
prochlorperazine,New Mexico,57
prochlorperazine,Massachusetts,57
prochlorperazine,Kansas,57
prochlorperazine,Rhode Island,57
prochlorperazine,Arkansas,57
prochlorperazine,Pennsylvania,57
prochlorperazine,Ohio,57
prochlorperazine,Wyoming,57
prochlorperazine,Wisconsin,57
prochlorperazine,Nebraska,52
prochlorperazine,New Hampshire,52
prochlorperazine,Oregon,52
prochlorperazine,Arizona,52
prochlorperazine,Illinois,52
prochlorperazine,Minnesota,52
prochlorperazine,Iowa,47
prochlorperazine,Washington,47
prochlorperazine,Connecticut,47
prochlorperazine,Alaska,42
prochlorperazine,Idaho,42
prochlorperazine,Maryland,42
prochlorperazine,Florida,42
prochlorperazine,Virginia,42
prochlorperazine,Colorado,42
prochlorperazine,Utah,42
prochlorperazine,North Carolina,42
prochlorperazine,South Carolina,42
prochlorperazine,Georgia,42
prochlorperazine,Hawaii,38
prochlorperazine,Nevada,38
prochlorperazine,New Jersey,38
prochlorperazine,New York,38
prochlorperazine,Texas,33
prochlorperazine,North Dakota,33
prochlorperazine,District of Columbia,28
prochlorperazine,California,23
rivaroxaban,New Mexico,100
rivaroxaban,Minnesota,88
rivaroxaban,Massachusetts,77
rivaroxaban,District of Columbia,77
rivaroxaban,West Virginia,66
rivaroxaban,Pennsylvania,66
rivaroxaban,Ohio,66
rivaroxaban,Nebraska,66
rivaroxaban,Delaware,66
rivaroxaban,Florida,66
rivaroxaban,Kansas,66
rivaroxaban,Kentucky,66
rivaroxaban,Arizona,66
rivaroxaban,Maryland,66
rivaroxaban,Illinois,66
rivaroxaban,Rhode Island,66
rivaroxaban,Oklahoma,66
rivaroxaban,New Jersey,66
rivaroxaban,Connecticut,66
rivaroxaban,Mississippi,66
rivaroxaban,Tennessee,66
rivaroxaban,Colorado,55
rivaroxaban,New York,55
rivaroxaban,Oregon,55
rivaroxaban,Wisconsin,55
rivaroxaban,Missouri,55
rivaroxaban,Washington,55
rivaroxaban,Arkansas,55
rivaroxaban,Indiana,55
rivaroxaban,Michigan,55
rivaroxaban,North Dakota,55
rivaroxaban,Maine,55
rivaroxaban,New Hampshire,55
rivaroxaban,Nevada,55
rivaroxaban,Iowa,55
rivaroxaban,Texas,55
rivaroxaban,Alabama,55
rivaroxaban,Louisiana,55
rivaroxaban,Vermont,55
rivaroxaban,South Carolina,55
rivaroxaban,Virginia,44
rivaroxaban,California,44
rivaroxaban,Hawaii,44
rivaroxaban,Montana,44
rivaroxaban,South Dakota,44
rivaroxaban,Utah,44
rivaroxaban,North Carolina,44
rivaroxaban,Idaho,44
rivaroxaban,Georgia,33
semaglutide,Utah,100
semaglutide,Idaho,68
semaglutide,Florida,63
semaglutide,Texas,60
semaglutide,Arkansas,60
semaglutide,Oklahoma,59
semaglutide,Louisiana,57
semaglutide,Arizona,57
semaglutide,Tennessee,57
semaglutide,Wyoming,55
semaglutide,Montana,52
semaglutide,Kentucky,52
semaglutide,West Virginia,52
semaglutide,Nevada,47
semaglutide,Alabama,46
semaglutide,Colorado,44
semaglutide,Georgia,44
semaglutide,South Carolina,44
semaglutide,Kansas,44
semaglutide,Missouri,43
semaglutide,Mississippi,43
semaglutide,Nebraska,42
semaglutide,New Mexico,40
semaglutide,South Dakota,40
semaglutide,Iowa,39
semaglutide,North Dakota,39
semaglutide,Indiana,37
semaglutide,Maine,36
semaglutide,Oregon,34
semaglutide,Delaware,34
semaglutide,Washington,34
semaglutide,Ohio,34
semaglutide,Maryland,33
semaglutide,Wisconsin,30
semaglutide,New Hampshire,30
semaglutide,District of Columbia,30
semaglutide,North Carolina,30
semaglutide,Michigan,30
semaglutide,Virginia,28
semaglutide,California,28
semaglutide,Rhode Island,28
semaglutide,Minnesota,27
semaglutide,New Jersey,27
semaglutide,Illinois,27
semaglutide,Hawaii,27
semaglutide,Connecticut,27
semaglutide,Massachusetts,27
semaglutide,Pennsylvania,27
semaglutide,Alaska,24
semaglutide,New York,21
semaglutide,Vermont,18
sitagliptin,New York,100
sitagliptin,South Dakota,77
sitagliptin,Kentucky,66
sitagliptin,Maine,66
sitagliptin,Mississippi,66
sitagliptin,Alabama,55
sitagliptin,Delaware,55
sitagliptin,Ohio,55
sitagliptin,West Virginia,55
sitagliptin,Arkansas,55
sitagliptin,Hawaii,55
sitagliptin,New Jersey,55
sitagliptin,Kansas,55
sitagliptin,Alaska,55
sitagliptin,Connecticut,55
sitagliptin,Louisiana,55
sitagliptin,Rhode Island,55
sitagliptin,Texas,44
sitagliptin,Illinois,44
sitagliptin,Maryland,44
sitagliptin,New Mexico,44
sitagliptin,Pennsylvania,44
sitagliptin,Virginia,44
sitagliptin,District of Columbia,44
sitagliptin,Michigan,44
sitagliptin,Florida,44
sitagliptin,Arizona,44
sitagliptin,Minnesota,44
sitagliptin,Massachusetts,44
sitagliptin,Tennessee,44
sitagliptin,Oklahoma,44
sitagliptin,Indiana,44
sitagliptin,Missouri,44
sitagliptin,South Carolina,44
sitagliptin,Georgia,44
sitagliptin,California,44
sitagliptin,Wisconsin,44
sitagliptin,Iowa,44
sitagliptin,New Hampshire,44
sitagliptin,North Dakota,33
sitagliptin,Montana,33
sitagliptin,Washington,33
sitagliptin,North Carolina,33
sitagliptin,Nevada,33
sitagliptin,Utah,33
sitagliptin,Idaho,33
sitagliptin,Colorado,33
sitagliptin,Oregon,22
sitagliptin,Nebraska,22
tenormin,Michigan,100
tenormin,Mississippi,100
tenormin,West Virginia,100
tenormin,Alabama,100
tenormin,Rhode Island,100
tenormin,Louisiana,66
tenormin,Delaware,66
tenormin,Kentucky,66
tenormin,California,66
tenormin,Florida,66
tenormin,Ohio,66
tenormin,Tennessee,66
tenormin,Arkansas,66
tenormin,Georgia,33
tenormin,South Carolina,33
tenormin,Minnesota,33
tenormin,Indiana,33
tenormin,New Jersey,33
tenormin,Pennsylvania,33
tenormin,Idaho,33
tenormin,Virginia,33
tenormin,Connecticut,33
tenormin,North Carolina,33
tenormin,New York,33
tenormin,Texas,33
tenormin,Missouri,33
tenormin,Arizona,33
tenormin,Iowa,33
tenormin,Oregon,33
tenormin,Oklahoma,33
tenormin,Kansas,33
tenormin,Maryland,33
tenormin,Nevada,33
tenormin,Washington,33
tenormin,Illinois,33
tenormin,Colorado,33
tenormin,Massachusetts,33
tirzepatide,Utah,100
tirzepatide,Idaho,100
tirzepatide,Arkansas,73
tirzepatide,Louisiana,68
tirzepatide,Oklahoma,63
tirzepatide,Wyoming,63
tirzepatide,Arizona,63
tirzepatide,Nebraska,63
tirzepatide,Tennessee,63
tirzepatide,Mississippi,57
tirzepatide,Florida,57
tirzepatide,Montana,57
tirzepatide,Nevada,52
tirzepatide,South Carolina,52
tirzepatide,Alabama,52
tirzepatide,Colorado,52
tirzepatide,New Mexico,52
tirzepatide,Kansas,52
tirzepatide,Oregon,52
tirzepatide,Texas,47
tirzepatide,North Dakota,47
tirzepatide,Iowa,47
tirzepatide,Georgia,47
tirzepatide,Kentucky,47
tirzepatide,Missouri,47
tirzepatide,Delaware,42
tirzepatide,Indiana,42
tirzepatide,Washington,42
tirzepatide,Hawaii,42
tirzepatide,West Virginia,36
tirzepatide,Wisconsin,36
tirzepatide,Vermont,36
tirzepatide,Virginia,36
tirzepatide,Illinois,36
tirzepatide,North Carolina,36
tirzepatide,Maine,31
tirzepatide,Ohio,31
tirzepatide,Pennsylvania,31
tirzepatide,Connecticut,31
tirzepatide,Minnesota,31
tirzepatide,Maryland,31
tirzepatide,New Hampshire,31
tirzepatide,South Dakota,31
tirzepatide,Alaska,31
tirzepatide,New Jersey,31
tirzepatide,Massachusetts,31
tirzepatide,Michigan,26
tirzepatide,California,26
tirzepatide,Rhode Island,26
tirzepatide,District of Columbia,26
tirzepatide,New York,21
toprol xl,Mississippi,100
toprol xl,West Virginia,94
toprol xl,Louisiana,64
toprol xl,Alabama,64
toprol xl,Michigan,52
toprol xl,South Carolina,47
toprol xl,Kentucky,47
toprol xl,Arkansas,41
toprol xl,Ohio,41
toprol xl,Pennsylvania,35
toprol xl,Oklahoma,35
toprol xl,Indiana,35
toprol xl,North Dakota,29
toprol xl,Nebraska,29
toprol xl,North Carolina,29
toprol xl,New Jersey,29
toprol xl,Georgia,29
toprol xl,Delaware,29
toprol xl,Connecticut,23
toprol xl,South Dakota,23
toprol xl,Virginia,23
toprol xl,Missouri,23
toprol xl,Montana,23
toprol xl,Tennessee,23
toprol xl,New Hampshire,23
toprol xl,Florida,23
toprol xl,Minnesota,23
toprol xl,New York,23
toprol xl,Vermont,17
toprol xl,Texas,17
toprol xl,Kansas,17
toprol xl,California,17
toprol xl,Illinois,17
toprol xl,Washington,17
toprol xl,Rhode Island,17
toprol xl,Idaho,17
toprol xl,Massachusetts,17
toprol xl,Arizona,17
toprol xl,Nevada,11
toprol xl,Maryland,11
toprol xl,New Mexico,11
toprol xl,Maine,11
toprol xl,Oregon,11
toprol xl,Iowa,11
toprol xl,Wisconsin,11
toprol xl,Colorado,11
toprol xl,Hawaii,5
toprol xl,Utah,5
vyvanse,Louisiana,100
vyvanse,Alabama,85
vyvanse,Indiana,85
vyvanse,Vermont,82
vyvanse,Oklahoma,78
vyvanse,Wisconsin,78
vyvanse,Maine,76
vyvanse,Kentucky,74
vyvanse,Kansas,73
vyvanse,South Dakota,73
vyvanse,Nebraska,69
vyvanse,Delaware,68
vyvanse,Connecticut,68
vyvanse,Arkansas,67
vyvanse,Tennessee,67
vyvanse,North Dakota,66
vyvanse,Idaho,65
vyvanse,North Carolina,65
vyvanse,Montana,64
vyvanse,Utah,64
vyvanse,New Hampshire,62
vyvanse,Ohio,60
vyvanse,Wyoming,60
vyvanse,Mississippi,60
vyvanse,South Carolina,59
vyvanse,Maryland,59
vyvanse,Iowa,58
vyvanse,West Virginia,58
vyvanse,Missouri,58
vyvanse,District of Columbia,57
vyvanse,Illinois,57
vyvanse,Rhode Island,57
vyvanse,Massachusetts,57
vyvanse,Minnesota,56
vyvanse,Alaska,56
vyvanse,Colorado,55
vyvanse,Michigan,55
vyvanse,Texas,54
vyvanse,New York,54
vyvanse,Georgia,52
vyvanse,Virginia,51
vyvanse,Pennsylvania,50
vyvanse,Florida,49
vyvanse,Washington,49
vyvanse,Arizona,48
vyvanse,Oregon,47
vyvanse,New Jersey,40
vyvanse,California,34
vyvanse,Nevada,31
vyvanse,New Mexico,25
vyvanse,Hawaii,22
zolpidem,Arkansas,100
zolpidem,Florida,100
zolpidem,Delaware,82
zolpidem,Louisiana,82
zolpidem,Mississippi,79
zolpidem,Nevada,75
zolpidem,New Mexico,75
zolpidem,Texas,74
zolpidem,Rhode Island,72
zolpidem,Kansas,72
zolpidem,Alabama,70
zolpidem,Utah,70
zolpidem,Idaho,70
zolpidem,Georgia,70
zolpidem,Montana,70
zolpidem,Alaska,69
zolpidem,West Virginia,67
zolpidem,Oklahoma,67
zolpidem,Wyoming,67
zolpidem,Arizona,67
zolpidem,Nebraska,66
zolpidem,Tennessee,66
zolpidem,Hawaii,66
zolpidem,Kentucky,64
zolpidem,New York,64
zolpidem,South Carolina,62
zolpidem,Maine,62
zolpidem,New Jersey,62
zolpidem,Connecticut,62
zolpidem,New Hampshire,61
zolpidem,Vermont,61
zolpidem,Illinois,59
zolpidem,Missouri,58
zolpidem,Iowa,56
zolpidem,Maryland,56
zolpidem,Pennsylvania,56
zolpidem,South Dakota,54
zolpidem,North Carolina,54
zolpidem,District of Columbia,53
zolpidem,California,53
zolpidem,Indiana,53
zolpidem,Wisconsin,53
zolpidem,Virginia,51
zolpidem,Minnesota,51
zolpidem,Massachusetts,51
zolpidem,Colorado,51
zolpidem,Oregon,50
zolpidem,North Dakota,50
zolpidem,Ohio,46
zolpidem,Michigan,45
zolpidem,Washington,45
zonisamide,West Virginia,100
zonisamide,Mississippi,93
zonisamide,Alabama,93
zonisamide,Missouri,87
zonisamide,Kentucky,87
zonisamide,Arkansas,87
zonisamide,Tennessee,81
zonisamide,Alaska,81
zonisamide,Rhode Island,81
zonisamide,South Carolina,75
zonisamide,Ohio,75
zonisamide,Idaho,75
zonisamide,Vermont,75
zonisamide,Delaware,75
zonisamide,Louisiana,75
zonisamide,North Dakota,68
zonisamide,Arizona,68
zonisamide,Wisconsin,68
zonisamide,North Carolina,68
zonisamide,Kansas,68
zonisamide,Massachusetts,62
zonisamide,Indiana,62
zonisamide,Pennsylvania,62
zonisamide,Utah,62
zonisamide,New Mexico,62
zonisamide,Montana,62
zonisamide,Maine,62
zonisamide,Colorado,62
zonisamide,Washington,56
zonisamide,Michigan,56
zonisamide,Minnesota,56
zonisamide,Texas,56
zonisamide,New Hampshire,56
zonisamide,Nebraska,56
zonisamide,Virginia,56
zonisamide,Oklahoma,56
zonisamide,Nevada,56
zonisamide,Maryland,50
zonisamide,Oregon,50
zonisamide,South Dakota,50
zonisamide,Illinois,50
zonisamide,Iowa,50
zonisamide,Florida,50
zonisamide,Connecticut,43
zonisamide,New York,43
zonisamide,Georgia,43
zonisamide,Wyoming,37
zonisamide,New Jersey,37
zonisamide,Hawaii,31
zonisamide,California,31
zonisamide,District of Columbia,31
