Drug,Week,Value
dicyclomine,27-12-2020,28
fluoxetine,27-12-2020,37
memantine,27-12-2020,10
dicyclomine,03-01-2021,34
fluoxetine,03-01-2021,38
memantine,03-01-2021,10
dicyclomine,10-01-2021,26
fluoxetine,10-01-2021,41
memantine,10-01-2021,6
dicyclomine,17-01-2021,27
fluoxetine,17-01-2021,40
memantine,17-01-2021,9
dicyclomine,24-01-2021,29
fluoxetine,24-01-2021,43
memantine,24-01-2021,11
dicyclomine,31-01-2021,33
fluoxetine,31-01-2021,47
memantine,31-01-2021,8
dicyclomine,07-02-2021,31
fluoxetine,07-02-2021,49
memantine,07-02-2021,9
dicyclomine,14-02-2021,23
fluoxetine,14-02-2021,23
memantine,14-02-2021,8
dicyclomine,21-02-2021,31
fluoxetine,21-02-2021,46
memantine,21-02-2021,13
dicyclomine,28-02-2021,31
fluoxetine,28-02-2021,41
memantine,28-02-2021,13
dicyclomine,07-03-2021,30
fluoxetine,07-03-2021,50
memantine,07-03-2021,13
dicyclomine,14-03-2021,30
fluoxetine,14-03-2021,40
memantine,14-03-2021,10
dicyclomine,21-03-2021,30
fluoxetine,21-03-2021,39
memantine,21-03-2021,11
dicyclomine,28-03-2021,29
fluoxetine,28-03-2021,38
memantine,28-03-2021,9
dicyclomine,04-04-2021,30
fluoxetine,04-04-2021,43
memantine,04-04-2021,8
dicyclomine,11-04-2021,31
fluoxetine,11-04-2021,42
memantine,11-04-2021,11
dicyclomine,18-04-2021,32
fluoxetine,18-04-2021,44
memantine,18-04-2021,10
dicyclomine,25-04-2021,28
fluoxetine,25-04-2021,39
memantine,25-04-2021,7
dicyclomine,02-05-2021,30
fluoxetine,02-05-2021,42
memantine,02-05-2021,11
dicyclomine,09-05-2021,34
fluoxetine,09-05-2021,50
memantine,09-05-2021,9
dicyclomine,16-05-2021,29
fluoxetine,16-05-2021,42
memantine,16-05-2021,10
dicyclomine,23-05-2021,32
fluoxetine,23-05-2021,46
memantine,23-05-2021,8
dicyclomine,30-05-2021,29
fluoxetine,30-05-2021,38
memantine,30-05-2021,9
dicyclomine,06-06-2021,32
fluoxetine,06-06-2021,36
memantine,06-06-2021,10
dicyclomine,13-06-2021,35
fluoxetine,13-06-2021,43
memantine,13-06-2021,13
dicyclomine,20-06-2021,38
fluoxetine,20-06-2021,43
memantine,20-06-2021,7
dicyclomine,27-06-2021,32
fluoxetine,27-06-2021,42
memantine,27-06-2021,13
dicyclomine,04-07-2021,31
fluoxetine,04-07-2021,42
memantine,04-07-2021,8
dicyclomine,11-07-2021,31
fluoxetine,11-07-2021,46
memantine,11-07-2021,14
dicyclomine,18-07-2021,40
fluoxetine,18-07-2021,47
memantine,18-07-2021,11
dicyclomine,25-07-2021,30
fluoxetine,25-07-2021,46
memantine,25-07-2021,6
dicyclomine,01-08-2021,31
fluoxetine,01-08-2021,43
memantine,01-08-2021,11
dicyclomine,08-08-2021,26
fluoxetine,08-08-2021,42
memantine,08-08-2021,9
dicyclomine,15-08-2021,36
fluoxetine,15-08-2021,44
memantine,15-08-2021,12
dicyclomine,22-08-2021,34
fluoxetine,22-08-2021,43
memantine,22-08-2021,9
dicyclomine,29-08-2021,32
fluoxetine,29-08-2021,40
memantine,29-08-2021,7
dicyclomine,05-09-2021,25
fluoxetine,05-09-2021,36
memantine,05-09-2021,9
dicyclomine,12-09-2021,29
fluoxetine,12-09-2021,45
memantine,12-09-2021,9
dicyclomine,19-09-2021,31
fluoxetine,19-09-2021,45
memantine,19-09-2021,8
dicyclomine,26-09-2021,34
fluoxetine,26-09-2021,47
memantine,26-09-2021,11
dicyclomine,03-10-2021,37
fluoxetine,03-10-2021,48
memantine,03-10-2021,5
dicyclomine,10-10-2021,38
fluoxetine,10-10-2021,39
memantine,10-10-2021,14
dicyclomine,17-10-2021,35
fluoxetine,17-10-2021,45
memantine,17-10-2021,11
dicyclomine,24-10-2021,41
fluoxetine,24-10-2021,46
memantine,24-10-2021,10
dicyclomine,31-10-2021,32
fluoxetine,31-10-2021,43
memantine,31-10-2021,12
dicyclomine,07-11-2021,34
fluoxetine,07-11-2021,48
memantine,07-11-2021,11
dicyclomine,14-11-2021,36
fluoxetine,14-11-2021,43
memantine,14-11-2021,15
dicyclomine,21-11-2021,38
fluoxetine,21-11-2021,37
memantine,21-11-2021,9
dicyclomine,28-11-2021,35
fluoxetine,28-11-2021,52
memantine,28-11-2021,10
dicyclomine,05-12-2021,34
fluoxetine,05-12-2021,43
memantine,05-12-2021,11
dicyclomine,12-12-2021,33
fluoxetine,12-12-2021,41
memantine,12-12-2021,11
dicyclomine,19-12-2021,37
fluoxetine,19-12-2021,43
memantine,19-12-2021,10
dicyclomine,26-12-2021,38
fluoxetine,26-12-2021,37
memantine,26-12-2021,9
dicyclomine,02-01-2022,35
fluoxetine,02-01-2022,39
memantine,02-01-2022,10
dicyclomine,09-01-2022,41
fluoxetine,09-01-2022,55
memantine,09-01-2022,10
dicyclomine,16-01-2022,39
fluoxetine,16-01-2022,52
memantine,16-01-2022,12
dicyclomine,23-01-2022,33
fluoxetine,23-01-2022,51
memantine,23-01-2022,11
dicyclomine,30-01-2022,39
fluoxetine,30-01-2022,53
memantine,30-01-2022,11
dicyclomine,06-02-2022,36
fluoxetine,06-02-2022,52
memantine,06-02-2022,14
dicyclomine,13-02-2022,35
fluoxetine,13-02-2022,49
memantine,13-02-2022,10
dicyclomine,20-02-2022,35
fluoxetine,20-02-2022,54
memantine,20-02-2022,13
dicyclomine,27-02-2022,41
fluoxetine,27-02-2022,56
memantine,27-02-2022,13
dicyclomine,06-03-2022,42
fluoxetine,06-03-2022,53
memantine,06-03-2022,13
dicyclomine,13-03-2022,36
fluoxetine,13-03-2022,51
memantine,13-03-2022,11
dicyclomine,20-03-2022,38
fluoxetine,20-03-2022,57
memantine,20-03-2022,14
dicyclomine,27-03-2022,36
fluoxetine,27-03-2022,57
memantine,27-03-2022,13
dicyclomine,03-04-2022,38
fluoxetine,03-04-2022,43
memantine,03-04-2022,10
dicyclomine,10-04-2022,42
fluoxetine,10-04-2022,44
memantine,10-04-2022,12
dicyclomine,17-04-2022,34
fluoxetine,17-04-2022,50
memantine,17-04-2022,10
dicyclomine,24-04-2022,33
fluoxetine,24-04-2022,47
memantine,24-04-2022,9
dicyclomine,01-05-2022,36
fluoxetine,01-05-2022,44
memantine,01-05-2022,10
dicyclomine,08-05-2022,37
fluoxetine,08-05-2022,55
memantine,08-05-2022,9
dicyclomine,15-05-2022,41
fluoxetine,15-05-2022,44
memantine,15-05-2022,10
dicyclomine,22-05-2022,39
fluoxetine,22-05-2022,54
memantine,22-05-2022,8
dicyclomine,29-05-2022,36
fluoxetine,29-05-2022,53
memantine,29-05-2022,12
dicyclomine,05-06-2022,46
fluoxetine,05-06-2022,53
memantine,05-06-2022,11
dicyclomine,12-06-2022,36
fluoxetine,12-06-2022,51
memantine,12-06-2022,13
dicyclomine,19-06-2022,39
fluoxetine,19-06-2022,54
memantine,19-06-2022,11
dicyclomine,26-06-2022,40
fluoxetine,26-06-2022,52
memantine,26-06-2022,11
dicyclomine,03-07-2022,44
fluoxetine,03-07-2022,46
memantine,03-07-2022,11
dicyclomine,10-07-2022,38
fluoxetine,10-07-2022,56
memantine,10-07-2022,14
dicyclomine,17-07-2022,46
fluoxetine,17-07-2022,61
memantine,17-07-2022,16
dicyclomine,24-07-2022,42
fluoxetine,24-07-2022,55
memantine,24-07-2022,9
dicyclomine,31-07-2022,40
fluoxetine,31-07-2022,52
memantine,31-07-2022,11
dicyclomine,07-08-2022,39
fluoxetine,07-08-2022,49
memantine,07-08-2022,12
dicyclomine,14-08-2022,41
fluoxetine,14-08-2022,49
memantine,14-08-2022,9
dicyclomine,21-08-2022,31
fluoxetine,21-08-2022,52
memantine,21-08-2022,10
dicyclomine,28-08-2022,33
fluoxetine,28-08-2022,53
memantine,28-08-2022,15
dicyclomine,04-09-2022,43
fluoxetine,04-09-2022,46
memantine,04-09-2022,14
dicyclomine,11-09-2022,38
fluoxetine,11-09-2022,55
memantine,11-09-2022,11
dicyclomine,18-09-2022,39
fluoxetine,18-09-2022,49
memantine,18-09-2022,10
dicyclomine,25-09-2022,39
fluoxetine,25-09-2022,50
memantine,25-09-2022,12
dicyclomine,02-10-2022,36
fluoxetine,02-10-2022,55
memantine,02-10-2022,14
dicyclomine,09-10-2022,41
fluoxetine,09-10-2022,52
memantine,09-10-2022,12
dicyclomine,16-10-2022,41
fluoxetine,16-10-2022,58
memantine,16-10-2022,12
dicyclomine,23-10-2022,35
fluoxetine,23-10-2022,53
memantine,23-10-2022,12
dicyclomine,30-10-2022,40
fluoxetine,30-10-2022,55
memantine,30-10-2022,11
dicyclomine,06-11-2022,37
fluoxetine,06-11-2022,100
memantine,06-11-2022,12
dicyclomine,13-11-2022,37
fluoxetine,13-11-2022,57
memantine,13-11-2022,16
dicyclomine,20-11-2022,35
fluoxetine,20-11-2022,49
memantine,20-11-2022,10
dicyclomine,27-11-2022,42
fluoxetine,27-11-2022,54
memantine,27-11-2022,10
dicyclomine,04-12-2022,39
fluoxetine,04-12-2022,50
memantine,04-12-2022,12
dicyclomine,11-12-2022,39
fluoxetine,11-12-2022,49
memantine,11-12-2022,9
dicyclomine,18-12-2022,36
fluoxetine,18-12-2022,45
memantine,18-12-2022,10
dicyclomine,25-12-2022,42
fluoxetine,25-12-2022,39
memantine,25-12-2022,10
dicyclomine,01-01-2023,39
fluoxetine,01-01-2023,49
memantine,01-01-2023,9
dicyclomine,08-01-2023,40
fluoxetine,08-01-2023,45
memantine,08-01-2023,10
dicyclomine,15-01-2023,35
fluoxetine,15-01-2023,52
memantine,15-01-2023,13
dicyclomine,22-01-2023,42
fluoxetine,22-01-2023,64
memantine,22-01-2023,8
dicyclomine,29-01-2023,36
fluoxetine,29-01-2023,48
memantine,29-01-2023,11
dicyclomine,05-02-2023,37
fluoxetine,05-02-2023,53
memantine,05-02-2023,12
dicyclomine,12-02-2023,40
fluoxetine,12-02-2023,53
memantine,12-02-2023,13
dicyclomine,19-02-2023,40
fluoxetine,19-02-2023,57
memantine,19-02-2023,11
dicyclomine,26-02-2023,34
fluoxetine,26-02-2023,55
memantine,26-02-2023,13
dicyclomine,05-03-2023,40
fluoxetine,05-03-2023,62
memantine,05-03-2023,10
dicyclomine,12-03-2023,49
fluoxetine,12-03-2023,50
memantine,12-03-2023,12
dicyclomine,19-03-2023,42
fluoxetine,19-03-2023,59
memantine,19-03-2023,13
dicyclomine,26-03-2023,41
fluoxetine,26-03-2023,53
memantine,26-03-2023,13
dicyclomine,02-04-2023,43
fluoxetine,02-04-2023,57
memantine,02-04-2023,14
dicyclomine,09-04-2023,45
fluoxetine,09-04-2023,60
memantine,09-04-2023,11
dicyclomine,16-04-2023,37
fluoxetine,16-04-2023,55
memantine,16-04-2023,12
dicyclomine,23-04-2023,44
fluoxetine,23-04-2023,55
memantine,23-04-2023,12
dicyclomine,30-04-2023,46
fluoxetine,30-04-2023,53
memantine,30-04-2023,14
dicyclomine,07-05-2023,43
fluoxetine,07-05-2023,54
memantine,07-05-2023,12
dicyclomine,14-05-2023,46
fluoxetine,14-05-2023,57
memantine,14-05-2023,12
dicyclomine,21-05-2023,51
fluoxetine,21-05-2023,53
memantine,21-05-2023,17
dicyclomine,28-05-2023,45
fluoxetine,28-05-2023,53
memantine,28-05-2023,7
dicyclomine,04-06-2023,48
fluoxetine,04-06-2023,58
memantine,04-06-2023,13
dicyclomine,11-06-2023,48
fluoxetine,11-06-2023,55
memantine,11-06-2023,11
dicyclomine,18-06-2023,46
fluoxetine,18-06-2023,57
memantine,18-06-2023,10
dicyclomine,25-06-2023,46
fluoxetine,25-06-2023,61
memantine,25-06-2023,11
dicyclomine,02-07-2023,48
fluoxetine,02-07-2023,50
memantine,02-07-2023,13
dicyclomine,09-07-2023,44
fluoxetine,09-07-2023,54
memantine,09-07-2023,11
dicyclomine,16-07-2023,45
fluoxetine,16-07-2023,48
memantine,16-07-2023,13
dicyclomine,23-07-2023,47
fluoxetine,23-07-2023,47
memantine,23-07-2023,8
dicyclomine,30-07-2023,44
fluoxetine,30-07-2023,52
memantine,30-07-2023,10
dicyclomine,06-08-2023,42
fluoxetine,06-08-2023,52
memantine,06-08-2023,11
dicyclomine,13-08-2023,47
fluoxetine,13-08-2023,57
memantine,13-08-2023,9
dicyclomine,20-08-2023,37
fluoxetine,20-08-2023,55
memantine,20-08-2023,11
dicyclomine,27-08-2023,44
fluoxetine,27-08-2023,51
memantine,27-08-2023,14
dicyclomine,03-09-2023,43
fluoxetine,03-09-2023,53
memantine,03-09-2023,11
dicyclomine,10-09-2023,37
fluoxetine,10-09-2023,55
memantine,10-09-2023,12
dicyclomine,17-09-2023,39
fluoxetine,17-09-2023,56
memantine,17-09-2023,13
dicyclomine,24-09-2023,40
fluoxetine,24-09-2023,52
memantine,24-09-2023,9
dicyclomine,01-10-2023,29
fluoxetine,01-10-2023,48
memantine,01-10-2023,8
dicyclomine,08-10-2023,34
fluoxetine,08-10-2023,55
memantine,08-10-2023,8
dicyclomine,15-10-2023,37
fluoxetine,15-10-2023,54
memantine,15-10-2023,14
dicyclomine,22-10-2023,34
fluoxetine,22-10-2023,49
memantine,22-10-2023,12
dicyclomine,29-10-2023,40
fluoxetine,29-10-2023,49
memantine,29-10-2023,13
dicyclomine,05-11-2023,42
fluoxetine,05-11-2023,51
memantine,05-11-2023,12
dicyclomine,12-11-2023,41
fluoxetine,12-11-2023,48
memantine,12-11-2023,8
dicyclomine,19-11-2023,37
fluoxetine,19-11-2023,41
memantine,19-11-2023,9
dicyclomine,26-11-2023,34
fluoxetine,26-11-2023,52
memantine,26-11-2023,11
dicyclomine,03-12-2023,40
fluoxetine,03-12-2023,53
memantine,03-12-2023,10
dicyclomine,10-12-2023,31
fluoxetine,10-12-2023,54
memantine,10-12-2023,11
dicyclomine,17-12-2023,41
fluoxetine,17-12-2023,47
memantine,17-12-2023,8
dicyclomine,24-12-2023,34
fluoxetine,24-12-2023,49
memantine,24-12-2023,8
dicyclomine,31-12-2023,45
fluoxetine,31-12-2023,47
memantine,31-12-2023,8
dicyclomine,07-01-2024,34
fluoxetine,07-01-2024,46
memantine,07-01-2024,11
dicyclomine,14-01-2024,34
fluoxetine,14-01-2024,47
memantine,14-01-2024,10
dicyclomine,21-01-2024,34
fluoxetine,21-01-2024,53
memantine,21-01-2024,10
dicyclomine,28-01-2024,36
fluoxetine,28-01-2024,61
memantine,28-01-2024,11
dicyclomine,04-02-2024,28
fluoxetine,04-02-2024,54
memantine,04-02-2024,15
dicyclomine,11-02-2024,38
fluoxetine,11-02-2024,43
memantine,11-02-2024,11
dicyclomine,18-02-2024,39
fluoxetine,18-02-2024,53
memantine,18-02-2024,12
dicyclomine,25-02-2024,35
fluoxetine,25-02-2024,53
memantine,25-02-2024,13
dicyclomine,03-03-2024,36
fluoxetine,03-03-2024,47
memantine,03-03-2024,11
dicyclomine,10-03-2024,30
fluoxetine,10-03-2024,65
memantine,10-03-2024,12
dicyclomine,17-03-2024,37
fluoxetine,17-03-2024,51
memantine,17-03-2024,11
dicyclomine,24-03-2024,34
fluoxetine,24-03-2024,47
memantine,24-03-2024,13
dicyclomine,31-03-2024,36
fluoxetine,31-03-2024,53
memantine,31-03-2024,10
dicyclomine,07-04-2024,35
fluoxetine,07-04-2024,49
memantine,07-04-2024,10
dicyclomine,14-04-2024,36
fluoxetine,14-04-2024,48
memantine,14-04-2024,9
dicyclomine,21-04-2024,40
fluoxetine,21-04-2024,55
memantine,21-04-2024,9
dicyclomine,28-04-2024,37
fluoxetine,28-04-2024,57
memantine,28-04-2024,10
dicyclomine,05-05-2024,33
fluoxetine,05-05-2024,44
memantine,05-05-2024,15
dicyclomine,12-05-2024,35
fluoxetine,12-05-2024,51
memantine,12-05-2024,9
dicyclomine,19-05-2024,42
fluoxetine,19-05-2024,41
memantine,19-05-2024,10
dicyclomine,26-05-2024,35
fluoxetine,26-05-2024,48
memantine,26-05-2024,11
dicyclomine,02-06-2024,42
fluoxetine,02-06-2024,51
memantine,02-06-2024,12
dicyclomine,09-06-2024,38
fluoxetine,09-06-2024,54
memantine,09-06-2024,13
dicyclomine,16-06-2024,40
fluoxetine,16-06-2024,55
memantine,16-06-2024,12
dicyclomine,23-06-2024,40
fluoxetine,23-06-2024,55
memantine,23-06-2024,13
dicyclomine,30-06-2024,43
fluoxetine,30-06-2024,52
memantine,30-06-2024,11
dicyclomine,07-07-2024,38
fluoxetine,07-07-2024,50
memantine,07-07-2024,11
dicyclomine,14-07-2024,32
fluoxetine,14-07-2024,48
memantine,14-07-2024,11
dicyclomine,21-07-2024,41
fluoxetine,21-07-2024,58
memantine,21-07-2024,13
dicyclomine,28-07-2024,41
fluoxetine,28-07-2024,56
memantine,28-07-2024,13
dicyclomine,04-08-2024,37
fluoxetine,04-08-2024,47
memantine,04-08-2024,14
dicyclomine,11-08-2024,44
fluoxetine,11-08-2024,50
memantine,11-08-2024,13
dicyclomine,18-08-2024,37
fluoxetine,18-08-2024,47
memantine,18-08-2024,12
dicyclomine,25-08-2024,35
fluoxetine,25-08-2024,50
memantine,25-08-2024,11
dicyclomine,01-09-2024,38
fluoxetine,01-09-2024,54
memantine,01-09-2024,9
dicyclomine,08-09-2024,38
fluoxetine,08-09-2024,51
memantine,08-09-2024,11
dicyclomine,15-09-2024,36
fluoxetine,15-09-2024,57
memantine,15-09-2024,13
dicyclomine,22-09-2024,38
fluoxetine,22-09-2024,47
memantine,22-09-2024,9
dicyclomine,29-09-2024,38
fluoxetine,29-09-2024,46
memantine,29-09-2024,10
dicyclomine,06-10-2024,37
fluoxetine,06-10-2024,45
memantine,06-10-2024,9
dicyclomine,13-10-2024,42
fluoxetine,13-10-2024,49
memantine,13-10-2024,9
dicyclomine,20-10-2024,41
fluoxetine,20-10-2024,52
memantine,20-10-2024,10
dicyclomine,27-10-2024,35
fluoxetine,27-10-2024,51
memantine,27-10-2024,10
dicyclomine,03-11-2024,39
fluoxetine,03-11-2024,49
memantine,03-11-2024,13
dicyclomine,10-11-2024,30
fluoxetine,10-11-2024,51
memantine,10-11-2024,12
dicyclomine,17-11-2024,40
fluoxetine,17-11-2024,57
memantine,17-11-2024,10
dicyclomine,24-11-2024,34
fluoxetine,24-11-2024,49
memantine,24-11-2024,10
dicyclomine,01-12-2024,35
fluoxetine,01-12-2024,57
memantine,01-12-2024,14
dicyclomine,08-12-2024,39
fluoxetine,08-12-2024,43
memantine,08-12-2024,11
dicyclomine,15-12-2024,38
fluoxetine,15-12-2024,53
memantine,15-12-2024,11
dicyclomine,22-12-2024,34
fluoxetine,22-12-2024,41
memantine,22-12-2024,10
dicyclomine,29-12-2024,35
fluoxetine,29-12-2024,48
memantine,29-12-2024,12
