Region,amitriptyline: (1/1/21 - 12/31/24)
West Virginia,100
Kentucky,98
Mississippi,96
Alabama,91
Arkansas,90
South Dakota,88
Tennessee,82
Louisiana,80
Idaho,78
Indiana,77
Oklahoma,74
Maine,74
Wyoming,73
Nebraska,72
Kansas,72
Ohio,72
Vermont,72
Montana,71
Rhode Island,69
Iowa,69
Michigan,67
Missouri,67
South Carolina,67
Utah,63
New Hampshire,63
New Mexico,62
Alaska,61
Texas,60
Pennsylvania,59
Georgia,59
North Carolina,58
Virginia,56
Illinois,56
Florida,55
Massachusetts,55
Wisconsin,54
Delaware,53
North Dakota,52
Arizona,51
Minnesota,50
Connecticut,47
Colorado,47
Oregon,47
Nevada,46
New York,43
Maryland,43
Washington,41
New Jersey,36
California,34
District of Columbia,34
Hawaii,31
