Region,amphetamine/dextroamphetamine: (1/1/21 - 12/31/24)
Kansas,100
Arkansas,100
Nebraska,50
Maine,50
Utah,50
Idaho,50
Michigan,50
New Hampshire,50
Kentucky,50
Alabama,50
Tennessee,50
Louisiana,50
Minnesota,50
Oklahoma,50
Indiana,50
Texas,50
South Carolina,50
Massachusetts,50
Washington,50
Pennsylvania,50
Wisconsin,50
Ohio,50
Illinois,50
Georgia,50
Colorado,50
Iowa,50
North Carolina,<1
Missouri,<1
Nevada,<1
Virginia,<1
Maryland,<1
Arizona,<1
Florida,<1
New York,<1
Oregon,<1
New Jersey,<1
Connecticut,<1
California,<1
Alaska,
Rhode Island,
New Mexico,
South Dakota,
North Dakota,
Montana,
Mississippi,
Hawaii,
Vermont,
Delaware,
District of Columbia,
West Virginia,
Wyoming,
