Region,apixaban: (1/1/21 - 12/31/24)
Massachusetts,100
Montana,100
New Mexico,85
Maine,85
West Virginia,85
South Dakota,85
Pennsylvania,85
Ohio,85
Washington,85
Tennessee,85
Wisconsin,85
Rhode Island,85
Minnesota,71
Arizona,71
Florida,71
Arkansas,71
Kentucky,71
Missouri,71
Mississippi,71
Alabama,71
New York,71
North Dakota,71
Maryland,71
Oregon,71
Michigan,71
Iowa,71
Kansas,71
Connecticut,71
New Jersey,71
Wyoming,71
Louisiana,71
Indiana,71
Idaho,57
Utah,57
Texas,57
Illinois,57
South Carolina,57
California,57
Delaware,57
District of Columbia,57
Colorado,57
Oklahoma,57
Virginia,57
Alaska,57
North Carolina,57
Nebraska,57
Georgia,57
Hawaii,42
Nevada,42
New Hampshire,42
Vermont,
