Region,atomoxetine: (1/1/21 - 12/31/24)
Arkansas,100
West Virginia,96
Oklahoma,87
Vermont,81
Kentucky,81
Maine,78
Nebraska,78
Idaho,75
Utah,75
Kansas,75
Indiana,75
Tennessee,72
Wyoming,72
Missouri,72
Montana,69
Iowa,69
Alabama,66
South Dakota,66
Rhode Island,66
Alaska,66
North Dakota,63
Louisiana,63
Arizona,63
New Mexico,63
New Hampshire,60
Texas,60
Washington,57
Wisconsin,57
Michigan,57
Mississippi,57
Colorado,57
Oregon,57
Maryland,57
Minnesota,54
Florida,54
Ohio,54
South Carolina,54
Delaware,54
North Carolina,51
Virginia,51
Massachusetts,51
District of Columbia,48
Nevada,48
Pennsylvania,48
Connecticut,48
Georgia,45
Illinois,42
New Jersey,39
New York,36
Hawaii,30
California,27
