Region,benztropine: (1/1/21 - 12/31/24)
West Virginia,100
Mississippi,100
Alabama,88
Arkansas,83
Louisiana,77
Iowa,72
Delaware,72
Kentucky,72
Tennessee,66
Ohio,66
Indiana,66
Missouri,61
New Mexico,61
Rhode Island,61
Pennsylvania,61
Connecticut,61
Kansas,61
Oklahoma,61
Arizona,61
Maryland,55
Florida,55
Michigan,55
Massachusetts,55
Alaska,55
Wyoming,55
Nevada,55
Idaho,50
Maine,50
Georgia,50
New Jersey,50
South Carolina,50
Illinois,50
Texas,44
Minnesota,44
Virginia,44
New York,44
New Hampshire,44
North Carolina,44
Wisconsin,44
Nebraska,44
District of Columbia,44
Utah,38
Hawaii,38
South Dakota,38
California,38
Washington,33
Montana,33
Colorado,27
Oregon,27
North Dakota,27
Vermont,22
