Region,carbamazepine: (1/1/21 - 12/31/24)
West Virginia,100
Alabama,90
Arkansas,90
Mississippi,90
Louisiana,90
Maine,87
South Dakota,87
North Dakota,80
Kentucky,80
Florida,80
Missouri,80
Vermont,80
New Mexico,77
Tennessee,77
Iowa,77
Rhode Island,74
Delaware,74
Kansas,70
Idaho,70
Arizona,70
Oklahoma,67
Connecticut,67
Michigan,67
Wyoming,67
Montana,67
Alaska,67
Nevada,67
Minnesota,64
Ohio,64
Pennsylvania,64
Nebraska,64
Texas,64
Maryland,64
Indiana,64
Colorado,61
South Carolina,61
Illinois,61
Massachusetts,61
Wisconsin,61
Utah,61
New Hampshire,58
Virginia,58
Oregon,54
North Carolina,54
New Jersey,54
Georgia,54
New York,51
Washington,51
California,51
District of Columbia,48
Hawaii,45
