Region,cefprozil: (1/1/21 - 12/31/24)
Kentucky,100
Mississippi,91
Louisiana,83
Arkansas,83
Alabama,83
North Dakota,58
South Dakota,50
Georgia,50
Kansas,50
Nebraska,33
Minnesota,33
Missouri,33
Rhode Island,25
Wisconsin,25
Virginia,25
Oklahoma,25
Tennessee,25
South Carolina,16
New Mexico,16
New Jersey,16
New York,16
Pennsylvania,16
Connecticut,16
Texas,16
Iowa,16
Indiana,16
North Carolina,16
Florida,16
Massachusetts,8
Ohio,8
West Virginia,8
Idaho,8
Hawaii,8
Illinois,8
Michigan,8
Colorado,8
Maryland,8
Washington,8
Nevada,<1
Arizona,<1
Oregon,<1
Utah,<1
California,<1
Alaska,
New Hampshire,
Montana,
Vermont,
Maine,
Delaware,
District of Columbia,
Wyoming,
