Region,citalopram: (1/1/21 - 12/31/24)
Arkansas,100
Mississippi,84
West Virginia,82
Maine,81
Idaho,78
Tennessee,78
Vermont,77
South Dakota,76
Alabama,75
Oklahoma,75
Kansas,75
Rhode Island,75
Kentucky,74
Montana,74
Wyoming,72
Massachusetts,71
Missouri,70
New Mexico,69
New Hampshire,66
Louisiana,65
Ohio,63
Minnesota,62
Utah,62
Iowa,62
North Carolina,60
Georgia,58
South Carolina,57
Texas,56
Florida,56
Oregon,56
Indiana,55
Michigan,54
Nebraska,54
Washington,54
Wisconsin,53
North Dakota,52
Pennsylvania,51
Delaware,50
Nevada,49
Alaska,49
Illinois,49
Arizona,46
Colorado,45
Virginia,43
Connecticut,37
Maryland,34
New York,33
California,32
Hawaii,31
District of Columbia,30
New Jersey,23
