Region,clomipramine: (1/1/21 - 12/31/24)
Vermont,100
Maine,90
Massachusetts,90
New Hampshire,81
Connecticut,81
Kentucky,81
West Virginia,72
Rhode Island,72
Utah,72
Arkansas,72
Ohio,72
Pennsylvania,72
Oregon,63
Minnesota,63
Tennessee,63
Wisconsin,63
New Jersey,63
Maryland,63
Indiana,63
Kansas,63
Louisiana,63
Michigan,63
Iowa,63
District of Columbia,63
Missouri,54
New York,54
Idaho,54
New Mexico,54
Illinois,54
Virginia,54
Delaware,54
Oklahoma,54
Alabama,54
North Dakota,54
Arizona,54
South Carolina,54
North Carolina,54
South Dakota,54
Mississippi,54
Montana,45
Washington,45
Colorado,45
Florida,45
Nebraska,45
Wyoming,45
Georgia,36
Texas,36
California,36
Nevada,36
Hawaii,18
Alaska,
