Region,dabigatran: (1/1/21 - 12/31/24)
Rhode Island,100
Hawaii,88
Maryland,88
Florida,88
Alabama,77
District of Columbia,66
Washington,66
West Virginia,66
Arizona,66
Louisiana,66
Delaware,66
Pennsylvania,66
Tennessee,66
Colorado,66
Oregon,66
New Jersey,66
Connecticut,55
Mississippi,55
South Dakota,55
Kansas,55
California,55
Indiana,55
Idaho,55
New York,55
Ohio,55
Maine,55
Missouri,55
Iowa,55
Arkansas,55
Kentucky,55
Virginia,55
New Hampshire,55
Massachusetts,55
Minnesota,55
Vermont,44
Michigan,44
Georgia,44
Oklahoma,44
Nevada,44
Illinois,44
Nebraska,44
Utah,44
South Carolina,44
Wisconsin,44
Texas,44
North Carolina,44
North Dakota,44
New Mexico,44
Montana,44
Alaska,
Wyoming,
