Region,dexmethylphenidate: (1/1/21 - 12/31/24)
West Virginia,100
Arkansas,94
Alabama,94
Mississippi,88
Kansas,88
Nebraska,88
Iowa,88
Delaware,88
Maine,83
Indiana,77
South Dakota,77
Rhode Island,77
Tennessee,77
Kentucky,77
South Carolina,77
Vermont,72
New Hampshire,72
Louisiana,72
Wisconsin,66
Oklahoma,66
Texas,66
Missouri,66
Illinois,66
North Carolina,61
Utah,61
Idaho,61
Massachusetts,61
Ohio,55
Connecticut,55
Georgia,55
Maryland,55
Pennsylvania,55
North Dakota,55
Michigan,50
Florida,50
District of Columbia,44
Minnesota,44
Colorado,44
Virginia,44
Wyoming,44
Montana,44
Oregon,38
New Jersey,38
Alaska,38
New York,38
Arizona,38
Washington,33
New Mexico,33
Hawaii,22
Nevada,22
California,16
