Region,dextroamphetamine-amphetamine: (1/1/21 - 12/31/24)
West Virginia,100
Kansas,50
Kentucky,50
Alabama,50
Louisiana,50
Tennessee,50
Oregon,50
Connecticut,50
Virginia,50
Mississippi,50
Georgia,50
Indiana,50
Arkansas,50
Massachusetts,<1
Michigan,<1
Utah,<1
Florida,<1
Texas,<1
North Carolina,<1
Illinois,<1
Colorado,<1
Minnesota,<1
South Carolina,<1
Maryland,<1
Pennsylvania,<1
Arizona,<1
Washington,<1
Ohio,<1
New Jersey,<1
Missouri,<1
Wisconsin,<1
New York,<1
California,<1
Alaska,
Nevada,
New Mexico,
Oklahoma,
New Hampshire,
Nebraska,
Rhode Island,
North Dakota,
South Dakota,
Montana,
Maine,
Idaho,
Iowa,
Vermont,
Hawaii,
Delaware,
District of Columbia,
Wyoming,
