Region,diazepam: (1/1/21 - 12/31/24)
Arkansas,100
Delaware,91
Louisiana,89
Kentucky,87
West Virginia,86
Rhode Island,86
New Mexico,84
Florida,82
Alaska,82
Oklahoma,81
Tennessee,79
Idaho,79
Wyoming,79
South Dakota,79
Connecticut,77
Alabama,77
Utah,77
Maine,75
Texas,75
South Carolina,75
Montana,75
New Hampshire,75
Mississippi,75
North Carolina,75
Nevada,74
Missouri,74
Iowa,74
Arizona,74
Kansas,70
Illinois,70
Nebraska,70
Georgia,68
Hawaii,68
Virginia,68
Michigan,67
Indiana,67
Ohio,67
Colorado,67
Pennsylvania,67
Minnesota,65
New Jersey,65
Maryland,63
Vermont,62
Massachusetts,62
Oregon,62
Wisconsin,62
District of Columbia,60
New York,58
North Dakota,58
Washington,55
California,50
