Region,dicyclomine: (1/1/21 - 12/31/24)
Alabama,100
Mississippi,88
Louisiana,86
Florida,85
Kentucky,81
Texas,81
West Virginia,78
Tennessee,77
Georgia,73
Indiana,73
New Mexico,70
Arkansas,69
Delaware,63
Ohio,63
Nevada,61
North Carolina,60
Arizona,59
South Carolina,57
Missouri,56
Oklahoma,54
Michigan,54
Kansas,52
Illinois,50
New Jersey,49
Pennsylvania,48
Virginia,48
Nebraska,43
Rhode Island,43
Maine,42
Idaho,42
Connecticut,40
Montana,39
Maryland,39
Alaska,38
Iowa,38
South Dakota,36
Wyoming,36
Wisconsin,36
New York,35
Hawaii,35
Colorado,34
Utah,33
Oregon,30
California,30
Washington,30
New Hampshire,29
Massachusetts,27
North Dakota,25
Vermont,24
District of Columbia,23
Minnesota,23
