Region,diltiazem: (1/1/21 - 12/31/24)
Vermont,100
Arkansas,100
Alabama,85
West Virginia,80
Kansas,80
Rhode Island,80
Kentucky,75
Iowa,75
Maine,75
New Mexico,75
Montana,75
Tennessee,75
Mississippi,70
Missouri,70
Idaho,70
Indiana,65
Oklahoma,65
South Dakota,65
South Carolina,65
Arizona,65
Louisiana,65
New Hampshire,65
Connecticut,60
North Dakota,60
Florida,60
Nebraska,60
Ohio,60
North Carolina,60
Alaska,60
Wisconsin,60
Wyoming,60
Michigan,55
Massachusetts,55
Hawaii,55
Delaware,55
Minnesota,55
Pennsylvania,55
Georgia,50
New Jersey,50
Illinois,50
Nevada,50
Virginia,50
Oregon,50
Washington,45
Maryland,45
New York,40
Utah,40
Texas,40
California,40
Colorado,35
District of Columbia,25
