Region,divalproex sodium: (1/1/21 - 12/31/24)
Alabama,100
West Virginia,85
Montana,85
New Mexico,71
Arkansas,71
Tennessee,71
Maine,71
Kentucky,71
Arizona,71
Louisiana,71
Ohio,71
Delaware,71
Mississippi,71
Oklahoma,71
Missouri,71
South Dakota,71
Pennsylvania,57
Vermont,57
Indiana,57
Maryland,57
Florida,57
Nebraska,57
District of Columbia,57
Utah,57
Kansas,57
Texas,57
New Jersey,57
Connecticut,57
New York,57
Nevada,57
New Hampshire,57
Massachusetts,57
Idaho,57
Illinois,57
Michigan,57
South Carolina,57
Rhode Island,42
Virginia,42
Georgia,42
North Carolina,42
North Dakota,42
Iowa,42
California,42
Wisconsin,42
Minnesota,42
Oregon,42
Hawaii,42
Colorado,28
Washington,28
Alaska,
Wyoming,
