Region,dofetilide: (1/1/21 - 12/31/24)
Vermont,100
Rhode Island,41
Arkansas,41
West Virginia,35
Maine,35
Wisconsin,35
Ohio,35
Pennsylvania,29
Connecticut,29
Kentucky,29
Indiana,29
New Hampshire,29
Kansas,23
Missouri,23
North Carolina,23
Tennessee,23
Iowa,23
Oklahoma,23
Florida,23
Massachusetts,23
Michigan,17
Louisiana,17
Montana,17
South Dakota,17
Illinois,17
South Carolina,17
Nebraska,17
Virginia,17
New Jersey,17
Arizona,17
Mississippi,17
Minnesota,11
Alabama,11
Oregon,11
Delaware,11
Georgia,11
New York,11
Idaho,11
Washington,11
Texas,11
Colorado,11
Maryland,11
Hawaii,5
California,5
Nevada,5
Utah,5
New Mexico,5
Alaska,
North Dakota,
District of Columbia,
Wyoming,
