Region,duloxetine: (1/1/21 - 12/31/24)
Alabama,100
Arkansas,94
West Virginia,91
Oklahoma,88
Indiana,88
Maine,88
South Dakota,84
Nebraska,83
Montana,82
Tennessee,81
Louisiana,80
Kentucky,79
Iowa,79
Wisconsin,79
New Mexico,78
Florida,77
Missouri,76
Wyoming,76
Idaho,75
Mississippi,75
Alaska,74
Vermont,73
South Carolina,70
Minnesota,69
North Dakota,69
Rhode Island,68
Kansas,68
Texas,68
Oregon,67
New Hampshire,67
North Carolina,66
Washington,66
Michigan,66
Delaware,65
Arizona,65
Pennsylvania,64
Utah,64
Illinois,64
Ohio,64
Georgia,63
Colorado,58
Virginia,58
Maryland,54
Massachusetts,53
Hawaii,51
Connecticut,50
Nevada,50
New York,44
New Jersey,41
California,41
District of Columbia,38
