Region,ecitalopram: (1/1/21 - 12/31/24)
New Mexico,100
Oregon,100
Arizona,100
Wisconsin,<1
Iowa,<1
Tennessee,<1
Utah,<1
Florida,<1
Alabama,<1
Nevada,<1
Minnesota,<1
Massachusetts,<1
Texas,<1
Illinois,<1
Indiana,<1
Washington,<1
South Carolina,<1
California,<1
Maryland,<1
Missouri,<1
New York,<1
New Jersey,<1
Virginia,<1
Ohio,<1
Pennsylvania,<1
Colorado,<1
Georgia,<1
Michigan,<1
North Carolina,<1
Alaska,
New Hampshire,
Nebraska,
North Dakota,
Montana,
Mississippi,
Maine,
Oklahoma,
Louisiana,
Kentucky,
Rhode Island,
Kansas,
South Dakota,
Idaho,
Hawaii,
Delaware,
District of Columbia,
Vermont,
Connecticut,
Arkansas,
West Virginia,
Wyoming,
