Region,empagliflozin: (1/1/21 - 12/31/24)
West Virginia,100
Delaware,100
North Dakota,100
Montana,100
Arkansas,100
Mississippi,100
Hawaii,100
Oklahoma,100
Maine,100
Iowa,66
Kansas,66
Louisiana,66
Tennessee,66
Kentucky,66
Rhode Island,66
Minnesota,66
District of Columbia,66
Texas,66
Ohio,66
Washington,66
New Mexico,66
Alabama,66
Oregon,66
Maryland,66
Virginia,66
Pennsylvania,66
Illinois,66
Florida,66
Michigan,66
North Carolina,66
Arizona,66
Missouri,66
South Carolina,66
Massachusetts,66
Indiana,66
Nevada,66
Wisconsin,33
New Hampshire,33
Nebraska,33
Utah,33
New York,33
New Jersey,33
Connecticut,33
California,33
Georgia,33
Colorado,33
Alaska,
Vermont,
South Dakota,
Idaho,
Wyoming,
